
  ___  ____  ____  ____  ____ ®
 /__    /   ____/   /   ____/      StataNow 19.5
___/   /   /___/   /   /___/       MP—Parallel Edition

 Statistics and Data Science       Copyright 1985-2025 StataCorp LLC
                                   StataCorp
                                   4905 Lakeway Drive
                                   College Station, Texas 77845 USA
                                   800-782-8272        https://www.stata.com
                                   979-696-4600        service@stata.com

Stata license: Unlimited-user 16-core network, expiring  2 Jul 2027
Serial number: 501909320077
  Licensed to: Roberto Gonzalez Tellez
               Stanford University GSB

Notes:
      1. Stata is running in batch mode.
      2. Unicode is supported; see help unicode_advice.
      3. More than 2 billion observations are allowed; see help obs_advice.
      4. Maximum number of variables is set to 5,000 but can be increased;
          see help set_maxvar.

. do _run_a_did_modern_stacked_pa_vs_na.do 

. do "a_did_modern_stacked_pa_vs_na.do"

. /* --------------------------------------------------------------------------
> --
>                     Violent effects of apex corruption
> 
>     Code author: Roberto Gonzalez
>     Date: 2026-07-14
> 
>     Objective:
>         Modern staggered-DiD estimators on the Cengiz-Dube-Lindner-Zipperer
>         "stacked by scandal" design, run SEPARATELY on the two apex-partition
>         subsamples (pa = Apex, na = Non-Apex).
> 
>         *** ALIGNED WITH THE EVENT STUDIES ***
>         To make these estimates as comparable as possible to the OLS event
>         studies in a_sup_event_study_pa_vs_na.do, this design now uses the
>         SAME event-time geometry as the main event-study specification:
>             - 15-day bins (was: 3-day bins)
>             - +-8 bins = +-120-day window (was: +-10 bins = +-30 days)
>             - bin -1 (the 15 days before disclosure) is the reference
>             - same two headline outcomes (violent / non-violent counts)
>         Only scandals in the subsample form TREATED stacks; the clean
>         control cohort within each stack is every country with NO scandal
>         of ANY type in the +-8-bin window.
> 
>         Treated-scandal identity comes from the classified event-window
>         panel, matched into the country-day panel on country + date.
> 
>         Estimators: OLS two-way FE, dCDH, BJS, SA.
> 
>     Outputs (paper/{tables,figures}/):
>         - did_modern_stk_main_<sample>.tex
>         - did_modern_stk_es_<outcome>_<sample>.pdf
>       where <sample> in {pa, na}.
> ---------------------------------------------------------------------------- 
> */
. 
. if "`c(username)'" == "lalov" {
.         gl identity "C:\Users\lalov\ITAM Seira Research Dropbox\Eduardo River
> a"
. }

. if "`c(username)'" == "Rob_9" {
.         global identity "C:/Users/Rob_9/Dropbox"
. }

. if "`c(username)'" == "rob98" {
.         global identity "~/Dropbox"
. }

. 
. global work   "${identity}/Corrupcion/Protest_Work"

. global path   "${identity}/Corrupcion/WORKING FOLDER/Event Study - Scandals"

. global datfin "${path}/Data/final"

. global tabout "${identity}/Corrupcion/protest_repo/paper/tables"

. global figout "${identity}/Corrupcion/protest_repo/paper/figures"

. 
. capture log close _all

. log using "${identity}/Corrupcion/protest_repo/code/analysis/a_did_modern_sta
> cked_pa_vs_na.log", replace text
-------------------------------------------------------------------------------
      name:  <unnamed>
       log:  C:\Users\rob98/Dropbox/Corrupcion/protest_repo/code/analysis/a_did
> _modern_stacked_pa_vs_na.log
  log type:  text
 opened on:  30 Jul 2026, 13:53:43

. 
. /* ---- event-time geometry: MATCHES the event studies ---- */
. local BIN   = 15    /* bin width in days */

. /* NBIN (bins per side) loops over 4/6/8 => +-60/90/120-day windows below,
>    so the stacked design matches the imputation design's outcome x window
>    table and per-window event studies. */
. 
. /* ============================================================
>    0.  COUNTRY x 15-DAY-BIN PANEL (shared by both subsamples)
>    ============================================================ */
. use "${datfin}/panel_country_day.dta", clear

. keep if year >= 2008
(151,202 observations deleted)

. drop if country == "Venezuela"
(4,474 observations deleted)

. 
. quietly summarize date

. scalar d0 = r(min)

. gen long ebin = floor((date - d0)/`BIN') + 1

. 
. /* collapsed country-bin panel + per-cell any-scandal indicator */
. collapse (sum) mm_protests mm_violent mm_nonviolent mm_gvr ///
>         (max) sc = scandal_today (firstnm) country_id, by(country ebin)

. tempfile cbin

. save `cbin'
file C:\Users\rob98\AppData\Local\Temp\ST_457c_000001.tmp saved as .dta
    format

. 
. /* ============================================================
>    1.  APEX-LABELLED SCANDAL LIST (one row per scandal)
>    ============================================================ */
. import delimited using "${datfin}/scandals_classified.csv", ///
>         clear varnames(1) bindquotes(strict)
(encoding automatically selected: UTF-8)
(7 vars, 190 obs)

. keep id country position

. tempfile cls

. save `cls'
file C:\Users\rob98\AppData\Local\Temp\ST_457c_000002.tmp saved as .dta
    format

. 
. use "${datfin}/protests_scandals_30days_v3", clear

. keep if window == 0
(45,841 observations deleted)

. drop if country == "Venezuela"
(14 observations deleted)

. merge m:1 id country using `cls', keep(1 3) generate(_mclass)

    Result                      Number of obs
    -----------------------------------------
    Not matched                             0
    Matched                               176  (_mclass==3)
    -----------------------------------------

. 
. gen byte in_pa = 0

. replace in_pa = 1 if position == "president"
(45 real changes made)

. replace in_pa = 1 if position == "governor"
(14 real changes made)

. replace in_pa = 1 if position == "sc_judge_congressman" & ///
>         inlist(id, "202", "NEW26", "NEW30", "332")
(4 real changes made)

. 
. gen byte in_na = 0

. replace in_na = 1 if position == "sc_judge_congressman" & ///
>         !inlist(id, "202", "NEW26", "NEW30", "332")
(14 real changes made)

. replace in_na = 1 if position == "other_judiciary"
(16 real changes made)

. replace in_na = 1 if position == "others"
(83 real changes made)

. 
. gen long scandal_bin = floor((date - d0)/`BIN') + 1

. keep country scandal_bin in_pa in_na

. tempfile sclist_all

. save `sclist_all'
file C:\Users\rob98\AppData\Local\Temp\ST_457c_000003.tmp saved as .dta
    format

. 
. /* ============================================================
>    2.  SUBSAMPLE LOOP
>    ============================================================ */
. foreach sample in pa na {
  2. 
.         di as result _newline _newline ///
>                 "============================================================
> =====" _n ///
>                 "   DID MODERN (stacked, `BIN'-day bins, +-`NBIN' bins) -- `s
> ample'" _n ///
>                 "============================================================
> ====="
  3. 
.         use `sclist_all', clear
  4.         keep if in_`sample' == 1
  5.         gen long scandal_id = _n
  6.         quietly count
  7.         local nscandals = r(N)
  8.         tempfile sclist
  9.         save `sclist'
 10.         display in yellow "Scandals to stack [`sample']: `nscandals'"
 11. 
.         foreach NBIN of numlist 2 4 6 8 {
 12.         local T = `NBIN' * `BIN'      /* event-window width in days: 60/90
> /120 */
 13. 
.         /* --- build the stacked panel: +-NBIN bins per scandal --- */
.         clear
 14.         tempfile stack
 15.         save `stack', emptyok replace
 16. 
.         forvalues s = 1/`nscandals' {
 17.                 use `sclist' in `s', clear
 18.                 local scc = country[1]
 19.                 local scb = scandal_bin[1]
 20. 
.                 use `cbin', clear
 21.                 keep if inrange(ebin, `scb'-`NBIN', `scb'+`NBIN')
 22.                 bysort country: egen _anysc = max(sc)
 23.                 keep if country == "`scc'" | _anysc == 0
 24.                 gen long stack        = `s'
 25.                 gen long etime        = ebin - `scb'
 26.                 gen byte treated_unit = (country == "`scc'")
 27.                 drop _anysc
 28.                 append using `stack'
 29.                 save `stack', replace
 30.         }
 31. 
.         use `stack', clear
 32.         egen long unit_id = group(stack country)
 33.         gen byte D = treated_unit == 1 & etime >= 0
 34.         gen long cohort = 0 if treated_unit == 1
 35.         gen byte I_never_treated = (treated_unit == 0)
 36. 
.         di as result "=== Stacked country x `BIN'-day-bin panel [`sample'] ==
> ="
 37.         count
 38.         quietly levelsof stack
 39.         di "Stacks (scandals): " r(r)
 40. 
.         /* event-study dummies: bins -NBIN..-2 and 0..NBIN-1; bin -1 omitted 
> */
.         capture drop ev_l* ev_g*
 41.         forvalues k = 2/`NBIN' {
 42.                 gen byte ev_l`k' = (etime == -`k') & treated_unit == 1
 43.         }
 44.         local kmax = `NBIN' - 1
 45.         forvalues k = 0/`kmax' {
 46.                 gen byte ev_g`k' = (etime == `k') & treated_unit == 1
 47.         }
 48.         local es_dummies ""
 49.         forvalues k = `NBIN'(-1)2 {
 50.                 local es_dummies "`es_dummies' ev_l`k'"
 51.         }
 52.         forvalues k = 0/`kmax' {
 53.                 local es_dummies "`es_dummies' ev_g`k'"
 54.         }
 55. 
.         /* plot grid: 2*NBIN columns = bins -NBIN..-1, 0..NBIN-1
>            col 1..NBIN-1 = bins -NBIN..-2 ; col NBIN = bin -1 (reference, 0)
>            col NBIN+1..2*NBIN = bins 0..NBIN-1                              *
> /
.         local ncol = 2 * `NBIN'
 56.         local refcol = `NBIN'
 57. 
.         local outcomes mm_violent mm_nonviolent
 58. 
.         tempfile stackfull
 59.         save `stackfull'
 60. 
.         /* ---------- outcome loop ---------- */
.         local oc = 0
 61.         foreach y of local outcomes {
 62.                 local ++oc
 63. 
.                 if "`y'" == "mm_protests"   local ytitle "Number of protests"
 64.                 if "`y'" == "mm_violent"    local ytitle "Number of violen
> t protests"
 65.                 if "`y'" == "mm_nonviolent" local ytitle "Number of non-vi
> olent protests"
 66.                 if "`y'" == "mm_gvr"        local ytitle "Number of govt. 
> violent responses"
 67. 
.                 matrix M_ols_b   = J(1,`ncol',0)
 68.                 matrix M_ols_se  = J(1,`ncol',0)
 69.                 matrix M_dcdh_b  = J(1,`ncol',.)
 70.                 matrix M_dcdh_se = J(1,`ncol',.)
 71.                 matrix M_bjs_b   = J(1,`ncol',0)
 72.                 matrix M_bjs_se  = J(1,`ncol',0)
 73.                 matrix M_sa_b    = J(1,`ncol',0)
 74.                 matrix M_sa_se   = J(1,`ncol',0)
 75. 
.                 use `stackfull', clear
 76. 
.                 /* (1) OLS TWFE */
.                 di as result "--- OLS: `y' [`sample'] ---"
 77.                 reghdfe `y' D, absorb(unit_id etime) cluster(country_id)
 78.                 scalar b_ols_`oc'  = _b[D]
 79.                 scalar se_ols_`oc' = _se[D]
 80.                 scalar n_ols_`oc'  = e(N)
 81.                 quietly reghdfe `y' `es_dummies', absorb(unit_id etime) cl
> uster(country_id)
 82.                 local cc = 0
 83.                 forvalues k = `NBIN'(-1)2 {
 84.                         local ++cc
 85.                         matrix M_ols_b[1,`cc']  = _b[ev_l`k']
 86.                         matrix M_ols_se[1,`cc'] = _se[ev_l`k']
 87.                 }
 88.                 forvalues k = 0/`kmax' {
 89.                         matrix M_ols_b[1, `refcol'+1+`k']  = _b[ev_g`k']
 90.                         matrix M_ols_se[1, `refcol'+1+`k'] = _se[ev_g`k']
 91.                 }
 92. 
.                 /* (2) dCDH.
>                    did_multiplegt_dyn normalises at the reference bin (-1) an
> d returns
>                    NO coefficient there; it stores its dynamic effects as e(E
> ffect_k)
>                    (bins 0..NBIN-1) and e(Placebo_k) (bins -2..-NBIN).  We pl
> ace these
>                    in the matrix at their event-time columns and then insert 
> an explicit
>                    0 at the reference column, so dCDH shows a zero marker at 
> bin -1 in
>                    the plot, just like the other estimators. */
.                 di as result "--- dCDH: `y' [`sample'] ---"
 93.                 capture noisily did_multiplegt_dyn `y' unit_id etime D, //
> /
>                         effects(`NBIN') placebo(`=`NBIN'-1') cluster(country_
> id) graph_off
 94.                 if _rc == 0 {
 95.                         scalar b_dcdh_`oc'  = e(Av_tot_effect)
 96.                         scalar se_dcdh_`oc' = e(se_avg_total_effect)
 97.                         forvalues k = 1/`=`NBIN'-1' {
 98.                                 capture matrix M_dcdh_b[1, `refcol'-`k']  
> = e(Placebo_`k')
 99.                                 capture matrix M_dcdh_se[1, `refcol'-`k'] 
> = e(se_placebo_`k')
100.                         }
101.                         forvalues k = 1/`NBIN' {
102.                                 capture matrix M_dcdh_b[1, `refcol'+`k']  
> = e(Effect_`k')
103.                                 capture matrix M_dcdh_se[1, `refcol'+`k'] 
> = e(se_effect_`k')
104.                         }
105.                         matrix M_dcdh_b[1, `refcol']  = 0
106.                         matrix M_dcdh_se[1, `refcol'] = 0
107.                 }
108.                 else {
109.                         scalar b_dcdh_`oc' = .
110.                         scalar se_dcdh_`oc' = .
111.                         display in red "dCDH failed for `y' [`sample']"
112.                 }
113. 
.                 /* (3) BJS */
.                 di as result "--- BJS: `y' [`sample'] ---"
114.                 capture noisily did_imputation `y' unit_id etime cohort, /
> //
>                         autosample minn(0) delta(1) cluster(country_id)
115.                 if _rc == 0 {
116.                         scalar b_bjs_`oc'  = _b[tau]
117.                         scalar se_bjs_`oc' = _se[tau]
118.                 }
119.                 else {
120.                         scalar b_bjs_`oc' = .
121.                         scalar se_bjs_`oc' = .
122.                         display in red "BJS (static) failed for `y' [`samp
> le']"
123.                 }
124.                 capture noisily did_imputation `y' unit_id etime cohort, /
> //
>                         horizons(0/`kmax') pretrends(`NBIN') autosample minn(
> 0) delta(1) ///
>                         cluster(country_id)
125.                 if _rc == 0 {
126.                         forvalues k = 2/`NBIN' {
127.                                 capture quietly lincom pre`k' - pre1
128.                                 if _rc == 0 {
129.                                         matrix M_bjs_b[1, `refcol'+1-`k'] 
>  = r(estimate)
130.                                         matrix M_bjs_se[1, `refcol'+1-`k']
>  = r(se)
131.                                 }
132.                         }
133.                         forvalues k = 0/`kmax' {
134.                                 capture quietly lincom tau`k' - pre1
135.                                 if _rc == 0 {
136.                                         matrix M_bjs_b[1, `refcol'+1+`k'] 
>  = r(estimate)
137.                                         matrix M_bjs_se[1, `refcol'+1+`k']
>  = r(se)
138.                                 }
139.                         }
140.                 }
141. 
.                 /* (4) SA */
.                 di as result "--- SA: `y' [`sample'] ---"
142.                 capture noisily eventstudyinteract `y' `es_dummies', ///
>                         cohort(cohort) control_cohort(I_never_treated) ///
>                         absorb(unit_id etime) vce(cluster country_id)
143.                 if _rc == 0 {
144.                         matrix b_iw = e(b_iw)
145.                         matrix V_iw = e(V_iw)
146.                         local cc = 0
147.                         forvalues k = `NBIN'(-1)2 {
148.                                 local ++cc
149.                                 local j = colnumb(b_iw, "ev_l`k'")
150.                                 if `j' < . {
151.                                         matrix M_sa_b[1,`cc']  = b_iw[1,`j
> ']
152.                                         matrix M_sa_se[1,`cc'] = sqrt(V_iw
> [`j',`j'])
153.                                 }
154.                         }
155.                         forvalues k = 0/`kmax' {
156.                                 local j = colnumb(b_iw, "ev_g`k'")
157.                                 if `j' < . {
158.                                         matrix M_sa_b[1, `refcol'+1+`k']  
> = b_iw[1,`j']
159.                                         matrix M_sa_se[1, `refcol'+1+`k'] 
> = sqrt(V_iw[`j',`j'])
160.                                 }
161.                         }
162.                         matrix wgt = J(1, colsof(b_iw), 0)
163.                         local npost = 0
164.                         forvalues k = 0/`kmax' {
165.                                 local j = colnumb(b_iw, "ev_g`k'")
166.                                 if `j' < . {
167.                                         matrix wgt[1,`j'] = 1
168.                                         local ++npost
169.                                 }
170.                         }
171.                         if `npost' > 0 {
172.                                 matrix wgt = wgt / `npost'
173.                                 matrix avg_b = wgt * b_iw'
174.                                 matrix avg_V = wgt * V_iw * wgt'
175.                                 scalar b_sa_`oc'  = avg_b[1,1]
176.                                 scalar se_sa_`oc' = sqrt(avg_V[1,1])
177.                         }
178.                 }
179.                 else {
180.                         scalar b_sa_`oc' = .
181.                         scalar se_sa_`oc' = .
182.                         display in red "SA failed for `y' [`sample']"
183.                 }
184. 
.                 /* store static coefficients keyed by (window, outcome) for t
> he
>                    compact per-sample table assembled after the window loop *
> /
.                 foreach er in ols dcdh bjs sa {
185.                         scalar B_`er'_w`T'_`oc' = b_`er'_`oc'
186.                         scalar S_`er'_w`T'_`oc' = se_`er'_`oc'
187.                 }
188.                 scalar N_w`T'_`oc' = n_ols_`oc'
189. 
.                 /* ---------- combined event-study plot ---------- */
.                 preserve
190.                         clear
191.                         set obs `ncol'
192.                         gen bin = _n - `refcol' - 1        /* event bin: -
> NBIN..-1, 0..NBIN-1 */
193.                         gen days = bin * `BIN'             /* bin start in
>  days */
194.                         replace days = days + `BIN' if days >= 0   /* POST
>  bins -> right edge; PRE keep left edge */
195.                         foreach est in ols dcdh bjs sa {
196.                                 gen double b_`est'  = .
197.                                 gen double se_`est' = .
198.                                 forvalues j = 1/`ncol' {
199.                                         replace b_`est'  = M_`est'_b[1,`j'
> ]  in `j'
200.                                         replace se_`est' = M_`est'_se[1,`j
> '] in `j'
201.                                 }
202.                                 gen double ci_lo_`est' = b_`est' - 1.645*s
> e_`est'
203.                                 gen double ci_hi_`est' = b_`est' + 1.645*s
> e_`est'
204.                         }
205.                         gen double days_ols  = days - 0.21 * `BIN'
206.                         gen double days_dcdh = days - 0.07 * `BIN'
207.                         gen double days_bjs  = days + 0.07 * `BIN'
208.                         gen double days_sa   = days + 0.21 * `BIN'
209. 
.                         local labday = 15
210.                         if `NBIN' >= 6 local labday = 30
211.                         local xlabs ""
212.                         forvalues bb = -`NBIN'/`=`NBIN'-1' {
213.                                 if `bb' < 0 local dd = `bb' * `BIN'
214.                                 else        local dd = (`bb' + 1) * `BIN'
215.                                 if mod(`dd', `labday') == 0 local xlabs "`
> xlabs' `dd'"
216.                         }
217.                         local xpad   = 0.6 * `BIN'
218.                         local xlo_ax = -`NBIN' * `BIN' - `xpad'
219.                         local xhi_ax = `NBIN' * `BIN' + `xpad'
220. 
.                         twoway ///
>                                 (rspike ci_lo_ols  ci_hi_ols  days_ols,  lcol
> or(navy)         lwidth(medium)) ///
>                                 (scatter b_ols  days_ols,  mcolor(navy)      
>    msymbol(O)  msize(small)) ///
>                                 (rspike ci_lo_dcdh ci_hi_dcdh days_dcdh, lcol
> or(cranberry)    lwidth(medium)) ///
>                                 (scatter b_dcdh days_dcdh, mcolor(cranberry) 
>    msymbol(T)  msize(small)) ///
>                                 (rspike ci_lo_bjs  ci_hi_bjs  days_bjs,  lcol
> or(forest_green) lwidth(medium)) ///
>                                 (scatter b_bjs  days_bjs,  mcolor(forest_gree
> n) msymbol(D)  msize(small)) ///
>                                 (rspike ci_lo_sa   ci_hi_sa   days_sa,   lcol
> or(midblue)      lwidth(medium)) ///
>                                 (scatter b_sa   days_sa,   mcolor(midblue)   
>    msymbol(Oh) msize(small)), ///
>                                 yline(0, lcolor(red) lpattern(solid) lwidth(m
> edthin)) ///
>                                 xline(0, lcolor(black%20) lpattern(solid) lwi
> dth(vthick)) ///
>                                 xtitle("Days since scandal", size(large)) ///
>                                 ytitle("`ytitle'", size(large)) ///
>                                 xscale(range(`xlo_ax' `xhi_ax')) ///
>                                 xlabel(`xlabs', labsize(large)) ///
>                                 ylabel(, labsize(large) format(%4.3fc) angle(
> 0)) ///
>                                 legend(order(2 "OLS (TWFE)" 4 "dCDH" 6 "BJS" 
> 8 "SA") ///
>                                         rows(1) size(small) position(6) regio
> n(lcolor(none))) ///
>                                 graphregion(color(white)) scheme(s2color)
221.                         graph export "${figout}/did_modern_stk_es_`y'_`sam
> ple'_w`T'.pdf", replace
222.                 restore
223.         }
224.         }
225. 
.         /* ---------- compact per-sample table: rows = estimators, columns =
>            outcome x window (Violent / Non-violent at +-60/90/120; the
>            government-violent-response and any-protests outcomes dropped) ---
> ------- */
.         capture file close _tbl
226.         file open _tbl using "${tabout}/did_modern_stk_main_`sample'.tex",
>  write replace
227.         file write _tbl "{" _n
228.         file write _tbl "\def\sym#1{\ifmmode^{#1}\else\(^{#1}\)\fi}" _n
229.         file write _tbl "\begin{tabular}{l*{8}{c}}" _n
230.         file write _tbl "\toprule" _n
231.         file write _tbl " & \multicolumn{4}{c}{Violent Protests} & \multic
> olumn{4}{c}{Non-violent Protests} \\" _n
232.         file write _tbl "\cmidrule(lr){2-5}\cmidrule(lr){6-9}" _n
233.         file write _tbl " & \ensuremath{\pm 30} & \ensuremath{\pm 60} & \e
> nsuremath{\pm 90} & \ensuremath{\pm 120} & \ensuremath{\pm 30} & \ensuremath{
> \pm 60} & \ensuremath{\pm 90} & \ensuremath{\pm 120} \\" _n
234.         file write _tbl "\midrule" _n
235.         foreach er in ols dcdh bjs sa {
236.                 if "`er'" == "ols"  local rowlab "OLS (TWFE)"
237.                 if "`er'" == "dcdh" local rowlab "dCDH"
238.                 if "`er'" == "bjs"  local rowlab "BJS"
239.                 if "`er'" == "sa"   local rowlab "SA"
240.                 local brow "`rowlab'"
241.                 local srow "            "
242.                 foreach oc of numlist 1/2 {
243.                 foreach TT of numlist 30 60 90 120 {
244.                         local b = B_`er'_w`TT'_`oc'
245.                         local s = S_`er'_w`TT'_`oc'
246.                         if missing(`b') | missing(`s') | `s' <= 0 {
247.                                 local brow "`brow' & --"
248.                                 local srow "`srow' & "
249.                         }
250.                         else {
251.                                 local pv = 2*normal(-abs(`b'/`s'))
252.                                 local st = ""
253.                                 if `pv' < 0.10 local st = "*"
254.                                 if `pv' < 0.05 local st = "**"
255.                                 if `pv' < 0.01 local st = "***"
256.                                 if "`st'" != "" local bcell = string(`b',"
> %5.3f") + "\sym{`st'}"
257.                                 else            local bcell = string(`b',"
> %5.3f")
258.                                 local scell = "(" + string(`s',"%5.3f") + 
> ")"
259.                                 local brow "`brow' & `bcell'"
260.                                 local srow "`srow' & `scell'"
261.                         }
262.                 }
263.                 }
264.                 file write _tbl "`brow' \\" _n
265.                 file write _tbl "`srow' \\" _n
266.         }
267.         file write _tbl "\midrule" _n
268.         local nrow "Observations"
269.         foreach oc of numlist 1/2 {
270.         foreach TT of numlist 30 60 90 120 {
271.                 local ncell = trim(string(N_w`TT'_`oc', "%12.0fc"))
272.                 local nrow "`nrow' & `ncell'"
273.         }
274.         }
275.         file write _tbl "`nrow' \\" _n
276.         file write _tbl "\bottomrule" _n
277.         file write _tbl "\end{tabular}" _n
278.         file write _tbl "}" _n
279.         file close _tbl
280.         display in green "did_modern_stk_main_`sample'.tex written"
281. }


=================================================================
   DID MODERN (stacked, 15-day bins, +- bins) -- pa
=================================================================
(113 observations deleted)
file C:\Users\rob98\AppData\Local\Temp\ST_457c_000004.tmp saved as .dta
    format
Scandals to stack [pa]: 63
(dataset contains 0 observations)
(file C:\Users\rob98\AppData\Local\Temp\ST_457c_000005.tmp not found)
file C:\Users\rob98\AppData\Local\Temp\ST_457c_000005.tmp saved as .dta
    format
(6,468 observations deleted)
(40 observations deleted)
file C:\Users\rob98\AppData\Local\Temp\ST_457c_000005.tmp saved as .dta
    format
(6,468 observations deleted)
(25 observations deleted)
file C:\Users\rob98\AppData\Local\Temp\ST_457c_000005.tmp saved as .dta
    format
(6,468 observations deleted)
(20 observations deleted)
file C:\Users\rob98\AppData\Local\Temp\ST_457c_000005.tmp saved as .dta
    format
(6,468 observations deleted)
(30 observations deleted)
file C:\Users\rob98\AppData\Local\Temp\ST_457c_000005.tmp saved as .dta
    format
(6,468 observations deleted)
(20 observations deleted)
file C:\Users\rob98\AppData\Local\Temp\ST_457c_000005.tmp saved as .dta
    format
(6,468 observations deleted)
(30 observations deleted)
file C:\Users\rob98\AppData\Local\Temp\ST_457c_000005.tmp saved as .dta
    format
(6,468 observations deleted)
(35 observations deleted)
file C:\Users\rob98\AppData\Local\Temp\ST_457c_000005.tmp saved as .dta
    format
(6,468 observations deleted)
(35 observations deleted)
file C:\Users\rob98\AppData\Local\Temp\ST_457c_000005.tmp saved as .dta
    format
(6,468 observations deleted)
(35 observations deleted)
file C:\Users\rob98\AppData\Local\Temp\ST_457c_000005.tmp saved as .dta
    format
(6,468 observations deleted)
(15 observations deleted)
file C:\Users\rob98\AppData\Local\Temp\ST_457c_000005.tmp saved as .dta
    format
(6,468 observations deleted)
(45 observations deleted)
file C:\Users\rob98\AppData\Local\Temp\ST_457c_000005.tmp saved as .dta
    format
(6,468 observations deleted)
(40 observations deleted)
file C:\Users\rob98\AppData\Local\Temp\ST_457c_000005.tmp saved as .dta
    format
(6,468 observations deleted)
(10 observations deleted)
file C:\Users\rob98\AppData\Local\Temp\ST_457c_000005.tmp saved as .dta
    format
(6,468 observations deleted)
(10 observations deleted)
file C:\Users\rob98\AppData\Local\Temp\ST_457c_000005.tmp saved as .dta
    format
(6,468 observations deleted)
(10 observations deleted)
file C:\Users\rob98\AppData\Local\Temp\ST_457c_000005.tmp saved as .dta
    format
(6,468 observations deleted)
(10 observations deleted)
file C:\Users\rob98\AppData\Local\Temp\ST_457c_000005.tmp saved as .dta
    format
(6,468 observations deleted)
(20 observations deleted)
file C:\Users\rob98\AppData\Local\Temp\ST_457c_000005.tmp saved as .dta
    format
(6,468 observations deleted)
(10 observations deleted)
file C:\Users\rob98\AppData\Local\Temp\ST_457c_000005.tmp saved as .dta
    format
(6,468 observations deleted)
(10 observations deleted)
file C:\Users\rob98\AppData\Local\Temp\ST_457c_000005.tmp saved as .dta
    format
(6,468 observations deleted)
(5 observations deleted)
file C:\Users\rob98\AppData\Local\Temp\ST_457c_000005.tmp saved as .dta
    format
(6,468 observations deleted)
(20 observations deleted)
file C:\Users\rob98\AppData\Local\Temp\ST_457c_000005.tmp saved as .dta
    format
(6,468 observations deleted)
(10 observations deleted)
file C:\Users\rob98\AppData\Local\Temp\ST_457c_000005.tmp saved as .dta
    format
(6,468 observations deleted)
(5 observations deleted)
file C:\Users\rob98\AppData\Local\Temp\ST_457c_000005.tmp saved as .dta
    format
(6,468 observations deleted)
(10 observations deleted)
file C:\Users\rob98\AppData\Local\Temp\ST_457c_000005.tmp saved as .dta
    format
(6,468 observations deleted)
(10 observations deleted)
file C:\Users\rob98\AppData\Local\Temp\ST_457c_000005.tmp saved as .dta
    format
(6,468 observations deleted)
(0 observations deleted)
file C:\Users\rob98\AppData\Local\Temp\ST_457c_000005.tmp saved as .dta
    format
(6,468 observations deleted)
(0 observations deleted)
file C:\Users\rob98\AppData\Local\Temp\ST_457c_000005.tmp saved as .dta
    format
(6,468 observations deleted)
(10 observations deleted)
file C:\Users\rob98\AppData\Local\Temp\ST_457c_000005.tmp saved as .dta
    format
(6,468 observations deleted)
(0 observations deleted)
file C:\Users\rob98\AppData\Local\Temp\ST_457c_000005.tmp saved as .dta
    format
(6,468 observations deleted)
(25 observations deleted)
file C:\Users\rob98\AppData\Local\Temp\ST_457c_000005.tmp saved as .dta
    format
(6,468 observations deleted)
(10 observations deleted)
file C:\Users\rob98\AppData\Local\Temp\ST_457c_000005.tmp saved as .dta
    format
(6,468 observations deleted)
(0 observations deleted)
file C:\Users\rob98\AppData\Local\Temp\ST_457c_000005.tmp saved as .dta
    format
(6,468 observations deleted)
(15 observations deleted)
file C:\Users\rob98\AppData\Local\Temp\ST_457c_000005.tmp saved as .dta
    format
(6,468 observations deleted)
(20 observations deleted)
file C:\Users\rob98\AppData\Local\Temp\ST_457c_000005.tmp saved as .dta
    format
(6,468 observations deleted)
(25 observations deleted)
file C:\Users\rob98\AppData\Local\Temp\ST_457c_000005.tmp saved as .dta
    format
(6,468 observations deleted)
(10 observations deleted)
file C:\Users\rob98\AppData\Local\Temp\ST_457c_000005.tmp saved as .dta
    format
(6,468 observations deleted)
(10 observations deleted)
file C:\Users\rob98\AppData\Local\Temp\ST_457c_000005.tmp saved as .dta
    format
(6,468 observations deleted)
(20 observations deleted)
file C:\Users\rob98\AppData\Local\Temp\ST_457c_000005.tmp saved as .dta
    format
(6,468 observations deleted)
(15 observations deleted)
file C:\Users\rob98\AppData\Local\Temp\ST_457c_000005.tmp saved as .dta
    format
(6,468 observations deleted)
(10 observations deleted)
file C:\Users\rob98\AppData\Local\Temp\ST_457c_000005.tmp saved as .dta
    format
(6,468 observations deleted)
(0 observations deleted)
file C:\Users\rob98\AppData\Local\Temp\ST_457c_000005.tmp saved as .dta
    format
(6,468 observations deleted)
(15 observations deleted)
file C:\Users\rob98\AppData\Local\Temp\ST_457c_000005.tmp saved as .dta
    format
(6,468 observations deleted)
(25 observations deleted)
file C:\Users\rob98\AppData\Local\Temp\ST_457c_000005.tmp saved as .dta
    format
(6,468 observations deleted)
(10 observations deleted)
file C:\Users\rob98\AppData\Local\Temp\ST_457c_000005.tmp saved as .dta
    format
(6,468 observations deleted)
(35 observations deleted)
file C:\Users\rob98\AppData\Local\Temp\ST_457c_000005.tmp saved as .dta
    format
(6,468 observations deleted)
(15 observations deleted)
file C:\Users\rob98\AppData\Local\Temp\ST_457c_000005.tmp saved as .dta
    format
(6,468 observations deleted)
(25 observations deleted)
file C:\Users\rob98\AppData\Local\Temp\ST_457c_000005.tmp saved as .dta
    format
(6,468 observations deleted)
(40 observations deleted)
file C:\Users\rob98\AppData\Local\Temp\ST_457c_000005.tmp saved as .dta
    format
(6,468 observations deleted)
(25 observations deleted)
file C:\Users\rob98\AppData\Local\Temp\ST_457c_000005.tmp saved as .dta
    format
(6,468 observations deleted)
(25 observations deleted)
file C:\Users\rob98\AppData\Local\Temp\ST_457c_000005.tmp saved as .dta
    format
(6,468 observations deleted)
(15 observations deleted)
file C:\Users\rob98\AppData\Local\Temp\ST_457c_000005.tmp saved as .dta
    format
(6,468 observations deleted)
(10 observations deleted)
file C:\Users\rob98\AppData\Local\Temp\ST_457c_000005.tmp saved as .dta
    format
(6,468 observations deleted)
(40 observations deleted)
file C:\Users\rob98\AppData\Local\Temp\ST_457c_000005.tmp saved as .dta
    format
(6,468 observations deleted)
(35 observations deleted)
file C:\Users\rob98\AppData\Local\Temp\ST_457c_000005.tmp saved as .dta
    format
(6,468 observations deleted)
(20 observations deleted)
file C:\Users\rob98\AppData\Local\Temp\ST_457c_000005.tmp saved as .dta
    format
(6,468 observations deleted)
(15 observations deleted)
file C:\Users\rob98\AppData\Local\Temp\ST_457c_000005.tmp saved as .dta
    format
(6,468 observations deleted)
(25 observations deleted)
file C:\Users\rob98\AppData\Local\Temp\ST_457c_000005.tmp saved as .dta
    format
(6,468 observations deleted)
(20 observations deleted)
file C:\Users\rob98\AppData\Local\Temp\ST_457c_000005.tmp saved as .dta
    format
(6,468 observations deleted)
(5 observations deleted)
file C:\Users\rob98\AppData\Local\Temp\ST_457c_000005.tmp saved as .dta
    format
(6,468 observations deleted)
(35 observations deleted)
file C:\Users\rob98\AppData\Local\Temp\ST_457c_000005.tmp saved as .dta
    format
(6,468 observations deleted)
(15 observations deleted)
file C:\Users\rob98\AppData\Local\Temp\ST_457c_000005.tmp saved as .dta
    format
(6,468 observations deleted)
(15 observations deleted)
file C:\Users\rob98\AppData\Local\Temp\ST_457c_000005.tmp saved as .dta
    format
(6,468 observations deleted)
(15 observations deleted)
file C:\Users\rob98\AppData\Local\Temp\ST_457c_000005.tmp saved as .dta
    format
(5,455 missing values generated)
=== Stacked country x 15-day-bin panel [pa] ===
  5,770
Stacks (scandals): 63
file C:\Users\rob98\AppData\Local\Temp\ST_457c_000006.tmp saved as .dta
    format
--- OLS: mm_violent [pa] ---
(MWFE estimator converged in 2 iterations)

HDFE Linear regression                            Number of obs   =      5,770
Absorbing 2 HDFE groups                           F(   1,     21) =       5.43
Statistics robust to heteroskedasticity           Prob > F        =     0.0299
                                                  R-squared       =     0.7809
                                                  Adj R-squared   =     0.7259
                                                  Within R-sq.    =     0.0042
Number of clusters (country_id) =         22      Root MSE        =     0.9790

                            (Std. err. adjusted for 22 clusters in country_id)
------------------------------------------------------------------------------
             |               Robust
  mm_violent | Coefficient  std. err.      t    P>|t|     [95% conf. interval]
-------------+----------------------------------------------------------------
           D |   .5109724   .2193759     2.33   0.030     .0547553    .9671895
       _cons |   .2513737   .0071858    34.98   0.000       .23643    .2663174
------------------------------------------------------------------------------

Absorbed degrees of freedom:
-----------------------------------------------------+
 Absorbed FE | Categories  - Redundant  = Num. Coefs |
-------------+---------------------------------------|
     unit_id |      1154        1154           0    *|
       etime |         5           1           4     |
-----------------------------------------------------+
* = FE nested within cluster; treated as redundant for DoF computation
--- dCDH: mm_violent [pa] ---


-------------------------------------------------------------------------------
> -
             Estimation of treatment effects: Event-study effects
-------------------------------------------------------------------------------
> -

             |  Estimate         SE      LB CI      UB CI          N 
-------------+-------------------------------------------------------
    Effect_1 |   .188643   .2507236  -.3027662   .6800523       1154 
    Effect_2 |  .6044258    .293922   .0283493   1.180502       1154 

             | Switchers 
-------------+----------
    Effect_1 |        63 
    Effect_2 |        63 
-------------------------------------------------------------------------------
> -
Test of joint nullity of the effects : p-value = .04082599


-------------------------------------------------------------------------------
> -
               Average cumulative (total) effect per treatment unit
-------------------------------------------------------------------------------
> -

             |  Estimate         SE      LB CI      UB CI          N 
-------------+-------------------------------------------------------
  Av_tot_eff |  .3965344   .1604542   .0820499    .711019       2308 

             |    Switch  x Periods 
-------------+---------------------
  Av_tot_eff |       126            
-------------------------------------------------------------------------------
> -
Average number of time periods over which a treatment's effect is accumulated =
>  1.5


-------------------------------------------------------------------------------
> -
          Testing the parallel trends and no anticipation assumptions
-------------------------------------------------------------------------------
> -

             |  Estimate         SE      LB CI      UB CI          N 
-------------+-------------------------------------------------------
   Placebo_1 | -.1584392   .1895191  -.5298897   .2130113       1154 

             | Switchers 
-------------+----------
   Placebo_1 |        63 
-------------------------------------------------------------------------------
> -


The development of this package was funded by the European Union (ERC, REALLYCR
> EDIBLE,GA N°101043899).
--- BJS: mm_violent [pa] ---

                                                         Number of obs = 5,770
------------------------------------------------------------------------------
  mm_violent | Coefficient  Std. err.      z    P>|z|     [95% conf. interval]
-------------+----------------------------------------------------------------
         tau |   .5109725   .1992939     2.56   0.010     .1203635    .9015814
------------------------------------------------------------------------------

                                                         Number of obs = 5,707
------------------------------------------------------------------------------
  mm_violent | Coefficient  Std. err.      z    P>|z|     [95% conf. interval]
-------------+----------------------------------------------------------------
        tau0 |   .2678626    .224763     1.19   0.233    -.1726648    .7083901
        tau1 |   .6836455   .3309145     2.07   0.039     .0350651    1.332226
        pre1 |   .1584392   .1858308     0.85   0.394    -.2057824    .5226608
        pre2 |          0  (omitted)
------------------------------------------------------------------------------
--- SA: mm_violent [pa] ---
(obs=315)

IW estimates for dynamic effects                        Number of obs =  5,770
Absorbing 2 HDFE groups                                 F(3, 21)      =   1.30
                                                        Prob > F      = 0.3022
                                                        R-squared     = 0.7809
                                                        Adj R-squared = 0.7257
                                                        Root MSE      = 0.9794
                            (Std. err. adjusted for 22 clusters in country_id)
------------------------------------------------------------------------------
             |               Robust
  mm_violent | Coefficient  std. err.      t    P>|t|     [95% conf. interval]
-------------+----------------------------------------------------------------
       ev_l2 |   -.409534   .2607207    -1.57   0.131    -.9517323    .1326643
       ev_g0 |  -.0624518   .3171785    -0.20   0.846    -.7220607    .5971571
       ev_g1 |    .353331   .1905038     1.85   0.078    -.0428433    .7495053
------------------------------------------------------------------------------
Number of observations (_N) was 0, now 4.
(2 real changes made)
(4 missing values generated)
(4 missing values generated)
(1 real change made)
(1 real change made)
(1 real change made)
(1 real change made)
(1 real change made)
(1 real change made)
(1 real change made)
(1 real change made)
(4 missing values generated)
(4 missing values generated)
(1 real change made)
(1 real change made)
(1 real change made)
(1 real change made)
(1 real change made)
(1 real change made)
(1 real change made)
(1 real change made)
(4 missing values generated)
(4 missing values generated)
(1 real change made)
(1 real change made)
(1 real change made)
(1 real change made)
(1 real change made)
(1 real change made)
(1 real change made)
(1 real change made)
(4 missing values generated)
(4 missing values generated)
(1 real change made)
(1 real change made)
(1 real change made)
(1 real change made)
(1 real change made)
(1 real change made)
(1 real change made)
(1 real change made)
file
    C:\Users\rob98/Dropbox/Corrupcion/protest_repo/paper/figures/did_modern_s
    > tk_es_mm_violent_pa_w30.pdf saved as PDF format
--- OLS: mm_nonviolent [pa] ---
(MWFE estimator converged in 2 iterations)

HDFE Linear regression                            Number of obs   =      5,770
Absorbing 2 HDFE groups                           F(   1,     21) =       0.01
Statistics robust to heteroskedasticity           Prob > F        =     0.9410
                                                  R-squared       =     0.7250
                                                  Adj R-squared   =     0.6560
                                                  Within R-sq.    =     0.0000
Number of clusters (country_id) =         22      Root MSE        =     1.3997

                            (Std. err. adjusted for 22 clusters in country_id)
------------------------------------------------------------------------------
             |               Robust
mm_nonviol~t | Coefficient  std. err.      t    P>|t|     [95% conf. interval]
-------------+----------------------------------------------------------------
           D |   .0111494   .1487396     0.07   0.941    -.2981714    .3204703
       _cons |   .4979017   .0048721   102.20   0.000     .4877697    .5080337
------------------------------------------------------------------------------

Absorbed degrees of freedom:
-----------------------------------------------------+
 Absorbed FE | Categories  - Redundant  = Num. Coefs |
-------------+---------------------------------------|
     unit_id |      1154        1154           0    *|
       etime |         5           1           4     |
-----------------------------------------------------+
* = FE nested within cluster; treated as redundant for DoF computation
--- dCDH: mm_nonviolent [pa] ---


-------------------------------------------------------------------------------
> -
             Estimation of treatment effects: Event-study effects
-------------------------------------------------------------------------------
> -

             |  Estimate         SE      LB CI      UB CI          N 
-------------+-------------------------------------------------------
    Effect_1 |    .00387   .2357896  -.4582691   .4660092       1154 
    Effect_2 | -.2354328   .2288515  -.6839735    .213108       1154 

             | Switchers 
-------------+----------
    Effect_1 |        63 
    Effect_2 |        63 
-------------------------------------------------------------------------------
> -
Test of joint nullity of the effects : p-value = .00032939


-------------------------------------------------------------------------------
> -
               Average cumulative (total) effect per treatment unit
-------------------------------------------------------------------------------
> -

             |  Estimate         SE      LB CI      UB CI          N 
-------------+-------------------------------------------------------
  Av_tot_eff | -.1157814   .2303014  -.5671638   .3356011       2308 

             |    Switch  x Periods 
-------------+---------------------
  Av_tot_eff |       126            
-------------------------------------------------------------------------------
> -
Average number of time periods over which a treatment's effect is accumulated =
>  1.5


-------------------------------------------------------------------------------
> -
          Testing the parallel trends and no anticipation assumptions
-------------------------------------------------------------------------------
> -

             |  Estimate         SE      LB CI      UB CI          N 
-------------+-------------------------------------------------------
   Placebo_1 | -.2357237   .1729953  -.5747883   .1033408       1154 

             | Switchers 
-------------+----------
   Placebo_1 |        63 
-------------------------------------------------------------------------------
> -


The development of this package was funded by the European Union (ERC, REALLYCR
> EDIBLE,GA N°101043899).
--- BJS: mm_nonviolent [pa] ---

                                                         Number of obs = 5,770
------------------------------------------------------------------------------
mm_nonviol~t | Coefficient  Std. err.      z    P>|z|     [95% conf. interval]
-------------+----------------------------------------------------------------
         tau |   .0111494   .1452027     0.08   0.939    -.2734426    .2957414
------------------------------------------------------------------------------

                                                         Number of obs = 5,707
------------------------------------------------------------------------------
mm_nonviol~t | Coefficient  Std. err.      z    P>|z|     [95% conf. interval]
-------------+----------------------------------------------------------------
        tau0 |   .1217319   .1605558     0.76   0.448    -.1929517    .4364155
        tau1 |  -.1175709   .1456377    -0.81   0.420    -.4030155    .1678736
        pre1 |   .2357237   .1698578     1.39   0.165    -.0971914    .5686389
        pre2 |          0  (omitted)
------------------------------------------------------------------------------
--- SA: mm_nonviolent [pa] ---
(obs=315)

IW estimates for dynamic effects                        Number of obs =  5,770
Absorbing 2 HDFE groups                                 F(3, 21)      =   5.66
                                                        Prob > F      = 0.0053
                                                        R-squared     = 0.7251
                                                        Adj R-squared = 0.6559
                                                        Root MSE      = 1.3997
                            (Std. err. adjusted for 22 clusters in country_id)
------------------------------------------------------------------------------
             |               Robust
mm_nonviol~t | Coefficient  std. err.      t    P>|t|     [95% conf. interval]
-------------+----------------------------------------------------------------
       ev_l2 |  -.1914364   .0846762    -2.26   0.035    -.3675302   -.0153427
       ev_g0 |   .0481574   .1325112     0.36   0.720    -.2274147    .3237294
       ev_g1 |  -.1911454   .1247424    -1.53   0.140    -.4505614    .0682705
------------------------------------------------------------------------------
Number of observations (_N) was 0, now 4.
(2 real changes made)
(4 missing values generated)
(4 missing values generated)
(1 real change made)
(1 real change made)
(1 real change made)
(1 real change made)
(1 real change made)
(1 real change made)
(1 real change made)
(1 real change made)
(4 missing values generated)
(4 missing values generated)
(1 real change made)
(1 real change made)
(1 real change made)
(1 real change made)
(1 real change made)
(1 real change made)
(1 real change made)
(1 real change made)
(4 missing values generated)
(4 missing values generated)
(1 real change made)
(1 real change made)
(1 real change made)
(1 real change made)
(1 real change made)
(1 real change made)
(1 real change made)
(1 real change made)
(4 missing values generated)
(4 missing values generated)
(1 real change made)
(1 real change made)
(1 real change made)
(1 real change made)
(1 real change made)
(1 real change made)
(1 real change made)
(1 real change made)
file
    C:\Users\rob98/Dropbox/Corrupcion/protest_repo/paper/figures/did_modern_s
    > tk_es_mm_nonviolent_pa_w30.pdf saved as PDF format
(dataset contains 0 observations)
(file C:\Users\rob98\AppData\Local\Temp\ST_457c_000009.tmp not found)
file C:\Users\rob98\AppData\Local\Temp\ST_457c_000009.tmp saved as .dta
    format
(6,380 observations deleted)
(72 observations deleted)
file C:\Users\rob98\AppData\Local\Temp\ST_457c_000009.tmp saved as .dta
    format
(6,380 observations deleted)
(63 observations deleted)
file C:\Users\rob98\AppData\Local\Temp\ST_457c_000009.tmp saved as .dta
    format
(6,380 observations deleted)
(81 observations deleted)
file C:\Users\rob98\AppData\Local\Temp\ST_457c_000009.tmp saved as .dta
    format
(6,380 observations deleted)
(81 observations deleted)
file C:\Users\rob98\AppData\Local\Temp\ST_457c_000009.tmp saved as .dta
    format
(6,380 observations deleted)
(81 observations deleted)
file C:\Users\rob98\AppData\Local\Temp\ST_457c_000009.tmp saved as .dta
    format
(6,380 observations deleted)
(72 observations deleted)
file C:\Users\rob98\AppData\Local\Temp\ST_457c_000009.tmp saved as .dta
    format
(6,380 observations deleted)
(63 observations deleted)
file C:\Users\rob98\AppData\Local\Temp\ST_457c_000009.tmp saved as .dta
    format
(6,380 observations deleted)
(63 observations deleted)
file C:\Users\rob98\AppData\Local\Temp\ST_457c_000009.tmp saved as .dta
    format
(6,380 observations deleted)
(63 observations deleted)
file C:\Users\rob98\AppData\Local\Temp\ST_457c_000009.tmp saved as .dta
    format
(6,380 observations deleted)
(63 observations deleted)
file C:\Users\rob98\AppData\Local\Temp\ST_457c_000009.tmp saved as .dta
    format
(6,380 observations deleted)
(81 observations deleted)
file C:\Users\rob98\AppData\Local\Temp\ST_457c_000009.tmp saved as .dta
    format
(6,380 observations deleted)
(81 observations deleted)
file C:\Users\rob98\AppData\Local\Temp\ST_457c_000009.tmp saved as .dta
    format
(6,380 observations deleted)
(36 observations deleted)
file C:\Users\rob98\AppData\Local\Temp\ST_457c_000009.tmp saved as .dta
    format
(6,380 observations deleted)
(18 observations deleted)
file C:\Users\rob98\AppData\Local\Temp\ST_457c_000009.tmp saved as .dta
    format
(6,380 observations deleted)
(18 observations deleted)
file C:\Users\rob98\AppData\Local\Temp\ST_457c_000009.tmp saved as .dta
    format
(6,380 observations deleted)
(18 observations deleted)
file C:\Users\rob98\AppData\Local\Temp\ST_457c_000009.tmp saved as .dta
    format
(6,380 observations deleted)
(54 observations deleted)
file C:\Users\rob98\AppData\Local\Temp\ST_457c_000009.tmp saved as .dta
    format
(6,380 observations deleted)
(18 observations deleted)
file C:\Users\rob98\AppData\Local\Temp\ST_457c_000009.tmp saved as .dta
    format
(6,380 observations deleted)
(27 observations deleted)
file C:\Users\rob98\AppData\Local\Temp\ST_457c_000009.tmp saved as .dta
    format
(6,380 observations deleted)
(36 observations deleted)
file C:\Users\rob98\AppData\Local\Temp\ST_457c_000009.tmp saved as .dta
    format
(6,380 observations deleted)
(36 observations deleted)
file C:\Users\rob98\AppData\Local\Temp\ST_457c_000009.tmp saved as .dta
    format
(6,380 observations deleted)
(36 observations deleted)
file C:\Users\rob98\AppData\Local\Temp\ST_457c_000009.tmp saved as .dta
    format
(6,380 observations deleted)
(27 observations deleted)
file C:\Users\rob98\AppData\Local\Temp\ST_457c_000009.tmp saved as .dta
    format
(6,380 observations deleted)
(36 observations deleted)
file C:\Users\rob98\AppData\Local\Temp\ST_457c_000009.tmp saved as .dta
    format
(6,380 observations deleted)
(27 observations deleted)
file C:\Users\rob98\AppData\Local\Temp\ST_457c_000009.tmp saved as .dta
    format
(6,380 observations deleted)
(9 observations deleted)
file C:\Users\rob98\AppData\Local\Temp\ST_457c_000009.tmp saved as .dta
    format
(6,380 observations deleted)
(0 observations deleted)
file C:\Users\rob98\AppData\Local\Temp\ST_457c_000009.tmp saved as .dta
    format
(6,380 observations deleted)
(27 observations deleted)
file C:\Users\rob98\AppData\Local\Temp\ST_457c_000009.tmp saved as .dta
    format
(6,380 observations deleted)
(0 observations deleted)
file C:\Users\rob98\AppData\Local\Temp\ST_457c_000009.tmp saved as .dta
    format
(6,380 observations deleted)
(45 observations deleted)
file C:\Users\rob98\AppData\Local\Temp\ST_457c_000009.tmp saved as .dta
    format
(6,380 observations deleted)
(36 observations deleted)
file C:\Users\rob98\AppData\Local\Temp\ST_457c_000009.tmp saved as .dta
    format
(6,380 observations deleted)
(0 observations deleted)
file C:\Users\rob98\AppData\Local\Temp\ST_457c_000009.tmp saved as .dta
    format
(6,380 observations deleted)
(54 observations deleted)
file C:\Users\rob98\AppData\Local\Temp\ST_457c_000009.tmp saved as .dta
    format
(6,380 observations deleted)
(45 observations deleted)
file C:\Users\rob98\AppData\Local\Temp\ST_457c_000009.tmp saved as .dta
    format
(6,380 observations deleted)
(63 observations deleted)
file C:\Users\rob98\AppData\Local\Temp\ST_457c_000009.tmp saved as .dta
    format
(6,380 observations deleted)
(18 observations deleted)
file C:\Users\rob98\AppData\Local\Temp\ST_457c_000009.tmp saved as .dta
    format
(6,380 observations deleted)
(45 observations deleted)
file C:\Users\rob98\AppData\Local\Temp\ST_457c_000009.tmp saved as .dta
    format
(6,380 observations deleted)
(45 observations deleted)
file C:\Users\rob98\AppData\Local\Temp\ST_457c_000009.tmp saved as .dta
    format
(6,380 observations deleted)
(36 observations deleted)
file C:\Users\rob98\AppData\Local\Temp\ST_457c_000009.tmp saved as .dta
    format
(6,380 observations deleted)
(36 observations deleted)
file C:\Users\rob98\AppData\Local\Temp\ST_457c_000009.tmp saved as .dta
    format
(6,380 observations deleted)
(27 observations deleted)
file C:\Users\rob98\AppData\Local\Temp\ST_457c_000009.tmp saved as .dta
    format
(6,380 observations deleted)
(36 observations deleted)
file C:\Users\rob98\AppData\Local\Temp\ST_457c_000009.tmp saved as .dta
    format
(6,380 observations deleted)
(45 observations deleted)
file C:\Users\rob98\AppData\Local\Temp\ST_457c_000009.tmp saved as .dta
    format
(6,380 observations deleted)
(18 observations deleted)
file C:\Users\rob98\AppData\Local\Temp\ST_457c_000009.tmp saved as .dta
    format
(6,380 observations deleted)
(63 observations deleted)
file C:\Users\rob98\AppData\Local\Temp\ST_457c_000009.tmp saved as .dta
    format
(6,380 observations deleted)
(63 observations deleted)
file C:\Users\rob98\AppData\Local\Temp\ST_457c_000009.tmp saved as .dta
    format
(6,380 observations deleted)
(45 observations deleted)
file C:\Users\rob98\AppData\Local\Temp\ST_457c_000009.tmp saved as .dta
    format
(6,380 observations deleted)
(72 observations deleted)
file C:\Users\rob98\AppData\Local\Temp\ST_457c_000009.tmp saved as .dta
    format
(6,380 observations deleted)
(45 observations deleted)
file C:\Users\rob98\AppData\Local\Temp\ST_457c_000009.tmp saved as .dta
    format
(6,380 observations deleted)
(81 observations deleted)
file C:\Users\rob98\AppData\Local\Temp\ST_457c_000009.tmp saved as .dta
    format
(6,380 observations deleted)
(54 observations deleted)
file C:\Users\rob98\AppData\Local\Temp\ST_457c_000009.tmp saved as .dta
    format
(6,380 observations deleted)
(27 observations deleted)
file C:\Users\rob98\AppData\Local\Temp\ST_457c_000009.tmp saved as .dta
    format
(6,380 observations deleted)
(81 observations deleted)
file C:\Users\rob98\AppData\Local\Temp\ST_457c_000009.tmp saved as .dta
    format
(6,380 observations deleted)
(72 observations deleted)
file C:\Users\rob98\AppData\Local\Temp\ST_457c_000009.tmp saved as .dta
    format
(6,380 observations deleted)
(45 observations deleted)
file C:\Users\rob98\AppData\Local\Temp\ST_457c_000009.tmp saved as .dta
    format
(6,380 observations deleted)
(72 observations deleted)
file C:\Users\rob98\AppData\Local\Temp\ST_457c_000009.tmp saved as .dta
    format
(6,380 observations deleted)
(45 observations deleted)
file C:\Users\rob98\AppData\Local\Temp\ST_457c_000009.tmp saved as .dta
    format
(6,380 observations deleted)
(81 observations deleted)
file C:\Users\rob98\AppData\Local\Temp\ST_457c_000009.tmp saved as .dta
    format
(6,380 observations deleted)
(27 observations deleted)
file C:\Users\rob98\AppData\Local\Temp\ST_457c_000009.tmp saved as .dta
    format
(6,380 observations deleted)
(72 observations deleted)
file C:\Users\rob98\AppData\Local\Temp\ST_457c_000009.tmp saved as .dta
    format
(6,380 observations deleted)
(63 observations deleted)
file C:\Users\rob98\AppData\Local\Temp\ST_457c_000009.tmp saved as .dta
    format
(6,380 observations deleted)
(54 observations deleted)
file C:\Users\rob98\AppData\Local\Temp\ST_457c_000009.tmp saved as .dta
    format
(6,380 observations deleted)
(72 observations deleted)
file C:\Users\rob98\AppData\Local\Temp\ST_457c_000009.tmp saved as .dta
    format
(8,937 missing values generated)
=== Stacked country x 15-day-bin panel [pa] ===
  9,504
Stacks (scandals): 63
file C:\Users\rob98\AppData\Local\Temp\ST_457c_00000a.tmp saved as .dta
    format
--- OLS: mm_violent [pa] ---
(MWFE estimator converged in 2 iterations)

HDFE Linear regression                            Number of obs   =      9,504
Absorbing 2 HDFE groups                           F(   1,     21) =       1.49
Statistics robust to heteroskedasticity           Prob > F        =     0.2357
                                                  R-squared       =     0.6705
                                                  Adj R-squared   =     0.6290
                                                  Within R-sq.    =     0.0001
Number of clusters (country_id) =         22      Root MSE        =     1.1444

                            (Std. err. adjusted for 22 clusters in country_id)
------------------------------------------------------------------------------
             |               Robust
  mm_violent | Coefficient  std. err.      t    P>|t|     [95% conf. interval]
-------------+----------------------------------------------------------------
           D |    .111032   .0909424     1.22   0.236    -.0780932    .3001572
       _cons |   .2712568   .0030142    89.99   0.000     .2649885    .2775252
------------------------------------------------------------------------------

Absorbed degrees of freedom:
-----------------------------------------------------+
 Absorbed FE | Categories  - Redundant  = Num. Coefs |
-------------+---------------------------------------|
     unit_id |      1056        1056           0    *|
       etime |         9           1           8     |
-----------------------------------------------------+
* = FE nested within cluster; treated as redundant for DoF computation
--- dCDH: mm_violent [pa] ---


-------------------------------------------------------------------------------
> -
             Estimation of treatment effects: Event-study effects
-------------------------------------------------------------------------------
> -

             |  Estimate         SE      LB CI      UB CI          N 
-------------+-------------------------------------------------------
    Effect_1 |   .166307   .2557161  -.3348874   .6675014       1056 
    Effect_2 |  .5714286    .283086   .0165903   1.126267       1056 
    Effect_3 |   .474656   .2329564   .0180697   .9312422       1056 
    Effect_4 |  .3922697   .2006216  -.0009414   .7854808       1056 

             | Switchers 
-------------+----------
    Effect_1 |        63 
    Effect_2 |        63 
    Effect_3 |        63 
    Effect_4 |        63 
-------------------------------------------------------------------------------
> -
Test of joint nullity of the effects : p-value = .08208391


-------------------------------------------------------------------------------
> -
               Average cumulative (total) effect per treatment unit
-------------------------------------------------------------------------------
> -

             |  Estimate         SE      LB CI      UB CI          N 
-------------+-------------------------------------------------------
  Av_tot_eff |  .4011653   .1501444   .1068877   .6954429       4224 

             |    Switch  x Periods 
-------------+---------------------
  Av_tot_eff |       252            
-------------------------------------------------------------------------------
> -
Average number of time periods over which a treatment's effect is accumulated =
>  2.5


-------------------------------------------------------------------------------
> -
          Testing the parallel trends and no anticipation assumptions
-------------------------------------------------------------------------------
> -

             |  Estimate         SE      LB CI      UB CI          N 
-------------+-------------------------------------------------------
   Placebo_1 | -.1358078   .1889705  -.5061831   .2345676       1056 
   Placebo_2 |  .3300724   .1850923  -.0327018   .6928466       1056 
   Placebo_3 |  .5435189   .3447517   -.132182    1.21922       1056 

             | Switchers 
-------------+----------
   Placebo_1 |        63 
   Placebo_2 |        63 
   Placebo_3 |        63 
-------------------------------------------------------------------------------
> -
Test of joint nullity of the placebos : p-value = .22314842


The development of this package was funded by the European Union (ERC, REALLYCR
> EDIBLE,GA N°101043899).
--- BJS: mm_violent [pa] ---

                                                         Number of obs = 9,504
------------------------------------------------------------------------------
  mm_violent | Coefficient  Std. err.      z    P>|z|     [95% conf. interval]
-------------+----------------------------------------------------------------
         tau |    .111032   .0887304     1.25   0.211    -.0628763    .2849404
------------------------------------------------------------------------------

                                                         Number of obs = 9,441
------------------------------------------------------------------------------
  mm_violent | Coefficient  Std. err.      z    P>|z|     [95% conf. interval]
-------------+----------------------------------------------------------------
        tau0 |  -.0181389   .2624701    -0.07   0.945    -.5325708     .496293
        tau1 |   .3869827   .2747423     1.41   0.159    -.1515024    .9254677
        tau2 |     .29021   .1801055     1.61   0.107    -.0627903    .6432103
        tau3 |   .2078238   .0881935     2.36   0.018     .0349678    .3806798
        pre1 |  -.5435189   .3378426    -1.61   0.108    -1.205678    .1186404
        pre2 |  -.6793267   .3231631    -2.10   0.036    -1.312715   -.0459386
        pre3 |  -.2134465    .235115    -0.91   0.364    -.6742635    .2473705
        pre4 |          0  (omitted)
------------------------------------------------------------------------------
--- SA: mm_violent [pa] ---
(obs=567)

IW estimates for dynamic effects                        Number of obs =  9,504
Absorbing 2 HDFE groups                                 F(7, 21)      =   1.66
                                                        Prob > F      = 0.1734
                                                        R-squared     = 0.6716
                                                        Adj R-squared = 0.6299
                                                        Root MSE      = 1.1430
                            (Std. err. adjusted for 22 clusters in country_id)
------------------------------------------------------------------------------
             |               Robust
  mm_violent | Coefficient  std. err.      t    P>|t|     [95% conf. interval]
-------------+----------------------------------------------------------------
       ev_l4 |   .6071548   .3239947     1.87   0.075    -.0666289    1.280939
       ev_l3 |   .3937083   .1954112     2.01   0.057    -.0126715    .8000881
       ev_l2 |  -.0721719   .1172281    -0.62   0.545     -.315961    .1716173
       ev_g0 |   .2299429   .2434373     0.94   0.356    -.2763126    .7361985
       ev_g1 |   .6350645   .3339759     1.90   0.071    -.0594763    1.329605
       ev_g2 |   .5382919   .2626632     2.05   0.053    -.0079462     1.08453
       ev_g3 |   .4559056    .184517     2.47   0.022     .0721814    .8396298
------------------------------------------------------------------------------
Number of observations (_N) was 0, now 8.
(4 real changes made)
(8 missing values generated)
(8 missing values generated)
(1 real change made)
(1 real change made)
(1 real change made)
(1 real change made)
(1 real change made)
(1 real change made)
(1 real change made)
(1 real change made)
(1 real change made)
(1 real change made)
(1 real change made)
(1 real change made)
(1 real change made)
(1 real change made)
(1 real change made)
(1 real change made)
(8 missing values generated)
(8 missing values generated)
(1 real change made)
(1 real change made)
(1 real change made)
(1 real change made)
(1 real change made)
(1 real change made)
(1 real change made)
(1 real change made)
(1 real change made)
(1 real change made)
(1 real change made)
(1 real change made)
(1 real change made)
(1 real change made)
(1 real change made)
(1 real change made)
(8 missing values generated)
(8 missing values generated)
(1 real change made)
(1 real change made)
(1 real change made)
(1 real change made)
(1 real change made)
(1 real change made)
(1 real change made)
(1 real change made)
(1 real change made)
(1 real change made)
(1 real change made)
(1 real change made)
(1 real change made)
(1 real change made)
(1 real change made)
(1 real change made)
(8 missing values generated)
(8 missing values generated)
(1 real change made)
(1 real change made)
(1 real change made)
(1 real change made)
(1 real change made)
(1 real change made)
(1 real change made)
(1 real change made)
(1 real change made)
(1 real change made)
(1 real change made)
(1 real change made)
(1 real change made)
(1 real change made)
(1 real change made)
(1 real change made)
file
    C:\Users\rob98/Dropbox/Corrupcion/protest_repo/paper/figures/did_modern_s
    > tk_es_mm_violent_pa_w60.pdf saved as PDF format
--- OLS: mm_nonviolent [pa] ---
(MWFE estimator converged in 2 iterations)

HDFE Linear regression                            Number of obs   =      9,504
Absorbing 2 HDFE groups                           F(   1,     21) =       0.08
Statistics robust to heteroskedasticity           Prob > F        =     0.7858
                                                  R-squared       =     0.5949
                                                  Adj R-squared   =     0.5438
                                                  Within R-sq.    =     0.0000
Number of clusters (country_id) =         22      Root MSE        =     1.4968

                            (Std. err. adjusted for 22 clusters in country_id)
------------------------------------------------------------------------------
             |               Robust
mm_nonviol~t | Coefficient  std. err.      t    P>|t|     [95% conf. interval]
-------------+----------------------------------------------------------------
           D |  -.0313264   .1138235    -0.28   0.786    -.2680354    .2053826
       _cons |   .4248598   .0037726   112.62   0.000     .4170144    .4327053
------------------------------------------------------------------------------

Absorbed degrees of freedom:
-----------------------------------------------------+
 Absorbed FE | Categories  - Redundant  = Num. Coefs |
-------------+---------------------------------------|
     unit_id |      1056        1056           0    *|
       etime |         9           1           8     |
-----------------------------------------------------+
* = FE nested within cluster; treated as redundant for DoF computation
--- dCDH: mm_nonviolent [pa] ---


-------------------------------------------------------------------------------
> -
             Estimation of treatment effects: Event-study effects
-------------------------------------------------------------------------------
> -

             |  Estimate         SE      LB CI      UB CI          N 
-------------+-------------------------------------------------------
    Effect_1 |  .0224908   .2313644  -.4309752   .4759567       1056 
    Effect_2 | -.2485973   .2218951  -.6835037   .1863091       1056 
    Effect_3 | -.0961972   .2176992  -.5228797   .3304853       1056 
    Effect_4 |  .0111735   .3194044  -.6148476   .6371945       1056 

             | Switchers 
-------------+----------
    Effect_1 |        63 
    Effect_2 |        63 
    Effect_3 |        63 
    Effect_4 |        63 
-------------------------------------------------------------------------------
> -
Test of joint nullity of the effects : p-value = .00148768


-------------------------------------------------------------------------------
> -
               Average cumulative (total) effect per treatment unit
-------------------------------------------------------------------------------
> -

             |  Estimate         SE      LB CI      UB CI          N 
-------------+-------------------------------------------------------
  Av_tot_eff | -.0777826   .2401409  -.5484501   .3928849       4224 

             |    Switch  x Periods 
-------------+---------------------
  Av_tot_eff |       252            
-------------------------------------------------------------------------------
> -
Average number of time periods over which a treatment's effect is accumulated =
>  2.5


-------------------------------------------------------------------------------
> -
          Testing the parallel trends and no anticipation assumptions
-------------------------------------------------------------------------------
> -

             |  Estimate         SE      LB CI      UB CI          N 
-------------+-------------------------------------------------------
   Placebo_1 | -.2191531   .1735926  -.5593884   .1210822       1056 
   Placebo_2 |  .0058025   .1821053  -.3511172   .3627223       1056 
   Placebo_3 |  .0864144   .2558168  -.4149773   .5878061       1056 

             | Switchers 
-------------+----------
   Placebo_1 |        63 
   Placebo_2 |        63 
   Placebo_3 |        63 
-------------------------------------------------------------------------------
> -
Test of joint nullity of the placebos : p-value = .03417748


The development of this package was funded by the European Union (ERC, REALLYCR
> EDIBLE,GA N°101043899).
--- BJS: mm_nonviolent [pa] ---

                                                         Number of obs = 9,504
------------------------------------------------------------------------------
mm_nonviol~t | Coefficient  Std. err.      z    P>|z|     [95% conf. interval]
-------------+----------------------------------------------------------------
         tau |  -.0313265   .1092853    -0.29   0.774    -.2455217    .1828687
------------------------------------------------------------------------------

                                                         Number of obs = 9,441
------------------------------------------------------------------------------
mm_nonviol~t | Coefficient  Std. err.      z    P>|z|     [95% conf. interval]
-------------+----------------------------------------------------------------
        tau0 |   .0542247   .1106236     0.49   0.624    -.1625935    .2710429
        tau1 |  -.2168634    .103827    -2.09   0.037    -.4203604   -.0133663
        tau2 |  -.0644632   .1036975    -0.62   0.534    -.2677066    .1387802
        tau3 |   .0429074    .189837     0.23   0.821    -.3291662    .4149811
        pre1 |  -.0864144   .2508198    -0.34   0.730    -.5780122    .4051834
        pre2 |  -.3055675    .193552    -1.58   0.114    -.6849225    .0737875
        pre3 |  -.0806119   .1795544    -0.45   0.653    -.4325321    .2713083
        pre4 |          0  (omitted)
------------------------------------------------------------------------------
--- SA: mm_nonviolent [pa] ---
(obs=567)

IW estimates for dynamic effects                        Number of obs =  9,504
Absorbing 2 HDFE groups                                 F(7, 21)      =   3.01
                                                        Prob > F      = 0.0237
                                                        R-squared     = 0.5950
                                                        Adj R-squared = 0.5436
                                                        Root MSE      = 1.4970
                            (Std. err. adjusted for 22 clusters in country_id)
------------------------------------------------------------------------------
             |               Robust
mm_nonviol~t | Coefficient  std. err.      t    P>|t|     [95% conf. interval]
-------------+----------------------------------------------------------------
       ev_l4 |   .0885005   .2171656     0.41   0.688    -.3631202    .5401211
       ev_l3 |   .0078886   .1860919     0.04   0.967    -.3791108    .3948879
       ev_l2 |  -.2170671   .1681374    -1.29   0.211    -.5667279    .1325937
       ev_g0 |   .0245768   .1920116     0.13   0.899    -.3747332    .4238868
       ev_g1 |  -.2465113   .1800043    -1.37   0.185    -.6208508    .1278282
       ev_g2 |  -.0941112    .168122    -0.56   0.582      -.44374    .2555177
       ev_g3 |   .0132595   .2923673     0.05   0.964    -.5947517    .6212707
------------------------------------------------------------------------------
Number of observations (_N) was 0, now 8.
(4 real changes made)
(8 missing values generated)
(8 missing values generated)
(1 real change made)
(1 real change made)
(1 real change made)
(1 real change made)
(1 real change made)
(1 real change made)
(1 real change made)
(1 real change made)
(1 real change made)
(1 real change made)
(1 real change made)
(1 real change made)
(1 real change made)
(1 real change made)
(1 real change made)
(1 real change made)
(8 missing values generated)
(8 missing values generated)
(1 real change made)
(1 real change made)
(1 real change made)
(1 real change made)
(1 real change made)
(1 real change made)
(1 real change made)
(1 real change made)
(1 real change made)
(1 real change made)
(1 real change made)
(1 real change made)
(1 real change made)
(1 real change made)
(1 real change made)
(1 real change made)
(8 missing values generated)
(8 missing values generated)
(1 real change made)
(1 real change made)
(1 real change made)
(1 real change made)
(1 real change made)
(1 real change made)
(1 real change made)
(1 real change made)
(1 real change made)
(1 real change made)
(1 real change made)
(1 real change made)
(1 real change made)
(1 real change made)
(1 real change made)
(1 real change made)
(8 missing values generated)
(8 missing values generated)
(1 real change made)
(1 real change made)
(1 real change made)
(1 real change made)
(1 real change made)
(1 real change made)
(1 real change made)
(1 real change made)
(1 real change made)
(1 real change made)
(1 real change made)
(1 real change made)
(1 real change made)
(1 real change made)
(1 real change made)
(1 real change made)
file
    C:\Users\rob98/Dropbox/Corrupcion/protest_repo/paper/figures/did_modern_s
    > tk_es_mm_nonviolent_pa_w60.pdf saved as PDF format
(dataset contains 0 observations)
(file C:\Users\rob98\AppData\Local\Temp\ST_457c_00000d.tmp not found)
file C:\Users\rob98\AppData\Local\Temp\ST_457c_00000d.tmp saved as .dta
    format
(6,292 observations deleted)
(117 observations deleted)
file C:\Users\rob98\AppData\Local\Temp\ST_457c_00000d.tmp saved as .dta
    format
(6,292 observations deleted)
(130 observations deleted)
file C:\Users\rob98\AppData\Local\Temp\ST_457c_00000d.tmp saved as .dta
    format
(6,292 observations deleted)
(117 observations deleted)
file C:\Users\rob98\AppData\Local\Temp\ST_457c_00000d.tmp saved as .dta
    format
(6,292 observations deleted)
(130 observations deleted)
file C:\Users\rob98\AppData\Local\Temp\ST_457c_00000d.tmp saved as .dta
    format
(6,292 observations deleted)
(117 observations deleted)
file C:\Users\rob98\AppData\Local\Temp\ST_457c_00000d.tmp saved as .dta
    format
(6,292 observations deleted)
(130 observations deleted)
file C:\Users\rob98\AppData\Local\Temp\ST_457c_00000d.tmp saved as .dta
    format
(6,292 observations deleted)
(117 observations deleted)
file C:\Users\rob98\AppData\Local\Temp\ST_457c_00000d.tmp saved as .dta
    format
(6,292 observations deleted)
(117 observations deleted)
file C:\Users\rob98\AppData\Local\Temp\ST_457c_00000d.tmp saved as .dta
    format
(6,292 observations deleted)
(117 observations deleted)
file C:\Users\rob98\AppData\Local\Temp\ST_457c_00000d.tmp saved as .dta
    format
(6,292 observations deleted)
(130 observations deleted)
file C:\Users\rob98\AppData\Local\Temp\ST_457c_00000d.tmp saved as .dta
    format
(6,292 observations deleted)
(117 observations deleted)
file C:\Users\rob98\AppData\Local\Temp\ST_457c_00000d.tmp saved as .dta
    format
(6,292 observations deleted)
(117 observations deleted)
file C:\Users\rob98\AppData\Local\Temp\ST_457c_00000d.tmp saved as .dta
    format
(6,292 observations deleted)
(52 observations deleted)
file C:\Users\rob98\AppData\Local\Temp\ST_457c_00000d.tmp saved as .dta
    format
(6,292 observations deleted)
(26 observations deleted)
file C:\Users\rob98\AppData\Local\Temp\ST_457c_00000d.tmp saved as .dta
    format
(6,292 observations deleted)
(26 observations deleted)
file C:\Users\rob98\AppData\Local\Temp\ST_457c_00000d.tmp saved as .dta
    format
(6,292 observations deleted)
(52 observations deleted)
file C:\Users\rob98\AppData\Local\Temp\ST_457c_00000d.tmp saved as .dta
    format
(6,292 observations deleted)
(78 observations deleted)
file C:\Users\rob98\AppData\Local\Temp\ST_457c_00000d.tmp saved as .dta
    format
(6,292 observations deleted)
(26 observations deleted)
file C:\Users\rob98\AppData\Local\Temp\ST_457c_00000d.tmp saved as .dta
    format
(6,292 observations deleted)
(39 observations deleted)
file C:\Users\rob98\AppData\Local\Temp\ST_457c_00000d.tmp saved as .dta
    format
(6,292 observations deleted)
(65 observations deleted)
file C:\Users\rob98\AppData\Local\Temp\ST_457c_00000d.tmp saved as .dta
    format
(6,292 observations deleted)
(52 observations deleted)
file C:\Users\rob98\AppData\Local\Temp\ST_457c_00000d.tmp saved as .dta
    format
(6,292 observations deleted)
(52 observations deleted)
file C:\Users\rob98\AppData\Local\Temp\ST_457c_00000d.tmp saved as .dta
    format
(6,292 observations deleted)
(65 observations deleted)
file C:\Users\rob98\AppData\Local\Temp\ST_457c_00000d.tmp saved as .dta
    format
(6,292 observations deleted)
(52 observations deleted)
file C:\Users\rob98\AppData\Local\Temp\ST_457c_00000d.tmp saved as .dta
    format
(6,292 observations deleted)
(52 observations deleted)
file C:\Users\rob98\AppData\Local\Temp\ST_457c_00000d.tmp saved as .dta
    format
(6,292 observations deleted)
(13 observations deleted)
file C:\Users\rob98\AppData\Local\Temp\ST_457c_00000d.tmp saved as .dta
    format
(6,292 observations deleted)
(0 observations deleted)
file C:\Users\rob98\AppData\Local\Temp\ST_457c_00000d.tmp saved as .dta
    format
(6,292 observations deleted)
(39 observations deleted)
file C:\Users\rob98\AppData\Local\Temp\ST_457c_00000d.tmp saved as .dta
    format
(6,292 observations deleted)
(26 observations deleted)
file C:\Users\rob98\AppData\Local\Temp\ST_457c_00000d.tmp saved as .dta
    format
(6,292 observations deleted)
(91 observations deleted)
file C:\Users\rob98\AppData\Local\Temp\ST_457c_00000d.tmp saved as .dta
    format
(6,292 observations deleted)
(65 observations deleted)
file C:\Users\rob98\AppData\Local\Temp\ST_457c_00000d.tmp saved as .dta
    format
(6,292 observations deleted)
(13 observations deleted)
file C:\Users\rob98\AppData\Local\Temp\ST_457c_00000d.tmp saved as .dta
    format
(6,292 observations deleted)
(91 observations deleted)
file C:\Users\rob98\AppData\Local\Temp\ST_457c_00000d.tmp saved as .dta
    format
(6,292 observations deleted)
(117 observations deleted)
file C:\Users\rob98\AppData\Local\Temp\ST_457c_00000d.tmp saved as .dta
    format
(6,292 observations deleted)
(130 observations deleted)
file C:\Users\rob98\AppData\Local\Temp\ST_457c_00000d.tmp saved as .dta
    format
(6,292 observations deleted)
(26 observations deleted)
file C:\Users\rob98\AppData\Local\Temp\ST_457c_00000d.tmp saved as .dta
    format
(6,292 observations deleted)
(65 observations deleted)
file C:\Users\rob98\AppData\Local\Temp\ST_457c_00000d.tmp saved as .dta
    format
(6,292 observations deleted)
(65 observations deleted)
file C:\Users\rob98\AppData\Local\Temp\ST_457c_00000d.tmp saved as .dta
    format
(6,292 observations deleted)
(65 observations deleted)
file C:\Users\rob98\AppData\Local\Temp\ST_457c_00000d.tmp saved as .dta
    format
(6,292 observations deleted)
(52 observations deleted)
file C:\Users\rob98\AppData\Local\Temp\ST_457c_00000d.tmp saved as .dta
    format
(6,292 observations deleted)
(65 observations deleted)
file C:\Users\rob98\AppData\Local\Temp\ST_457c_00000d.tmp saved as .dta
    format
(6,292 observations deleted)
(52 observations deleted)
file C:\Users\rob98\AppData\Local\Temp\ST_457c_00000d.tmp saved as .dta
    format
(6,292 observations deleted)
(78 observations deleted)
file C:\Users\rob98\AppData\Local\Temp\ST_457c_00000d.tmp saved as .dta
    format
(6,292 observations deleted)
(91 observations deleted)
file C:\Users\rob98\AppData\Local\Temp\ST_457c_00000d.tmp saved as .dta
    format
(6,292 observations deleted)
(117 observations deleted)
file C:\Users\rob98\AppData\Local\Temp\ST_457c_00000d.tmp saved as .dta
    format
(6,292 observations deleted)
(130 observations deleted)
file C:\Users\rob98\AppData\Local\Temp\ST_457c_00000d.tmp saved as .dta
    format
(6,292 observations deleted)
(104 observations deleted)
file C:\Users\rob98\AppData\Local\Temp\ST_457c_00000d.tmp saved as .dta
    format
(6,292 observations deleted)
(117 observations deleted)
file C:\Users\rob98\AppData\Local\Temp\ST_457c_00000d.tmp saved as .dta
    format
(6,292 observations deleted)
(65 observations deleted)
file C:\Users\rob98\AppData\Local\Temp\ST_457c_00000d.tmp saved as .dta
    format
(6,292 observations deleted)
(130 observations deleted)
file C:\Users\rob98\AppData\Local\Temp\ST_457c_00000d.tmp saved as .dta
    format
(6,292 observations deleted)
(78 observations deleted)
file C:\Users\rob98\AppData\Local\Temp\ST_457c_00000d.tmp saved as .dta
    format
(6,292 observations deleted)
(78 observations deleted)
file C:\Users\rob98\AppData\Local\Temp\ST_457c_00000d.tmp saved as .dta
    format
(6,292 observations deleted)
(117 observations deleted)
file C:\Users\rob98\AppData\Local\Temp\ST_457c_00000d.tmp saved as .dta
    format
(6,292 observations deleted)
(104 observations deleted)
file C:\Users\rob98\AppData\Local\Temp\ST_457c_00000d.tmp saved as .dta
    format
(6,292 observations deleted)
(104 observations deleted)
file C:\Users\rob98\AppData\Local\Temp\ST_457c_00000d.tmp saved as .dta
    format
(6,292 observations deleted)
(117 observations deleted)
file C:\Users\rob98\AppData\Local\Temp\ST_457c_00000d.tmp saved as .dta
    format
(6,292 observations deleted)
(78 observations deleted)
file C:\Users\rob98\AppData\Local\Temp\ST_457c_00000d.tmp saved as .dta
    format
(6,292 observations deleted)
(117 observations deleted)
file C:\Users\rob98\AppData\Local\Temp\ST_457c_00000d.tmp saved as .dta
    format
(6,292 observations deleted)
(39 observations deleted)
file C:\Users\rob98\AppData\Local\Temp\ST_457c_00000d.tmp saved as .dta
    format
(6,292 observations deleted)
(117 observations deleted)
file C:\Users\rob98\AppData\Local\Temp\ST_457c_00000d.tmp saved as .dta
    format
(6,292 observations deleted)
(130 observations deleted)
file C:\Users\rob98\AppData\Local\Temp\ST_457c_00000d.tmp saved as .dta
    format
(6,292 observations deleted)
(78 observations deleted)
file C:\Users\rob98\AppData\Local\Temp\ST_457c_00000d.tmp saved as .dta
    format
(6,292 observations deleted)
(104 observations deleted)
file C:\Users\rob98\AppData\Local\Temp\ST_457c_00000d.tmp saved as .dta
    format
(12,038 missing values generated)
=== Stacked country x 15-day-bin panel [pa] ===
  12,857
Stacks (scandals): 63
file C:\Users\rob98\AppData\Local\Temp\ST_457c_00000e.tmp saved as .dta
    format
--- OLS: mm_violent [pa] ---
(MWFE estimator converged in 2 iterations)

HDFE Linear regression                            Number of obs   =     12,857
Absorbing 2 HDFE groups                           F(   1,     21) =       0.00
Statistics robust to heteroskedasticity           Prob > F        =     0.9551
                                                  R-squared       =     0.5693
                                                  Adj R-squared   =     0.5329
                                                  Within R-sq.    =     0.0000
Number of clusters (country_id) =         22      Root MSE        =     1.3161

                            (Std. err. adjusted for 22 clusters in country_id)
------------------------------------------------------------------------------
             |               Robust
  mm_violent | Coefficient  std. err.      t    P>|t|     [95% conf. interval]
-------------+----------------------------------------------------------------
           D |  -.0053579   .0940669    -0.06   0.955    -.2009808     .190265
       _cons |   .2897537   .0032265    89.80   0.000     .2830437    .2964636
------------------------------------------------------------------------------

Absorbed degrees of freedom:
-----------------------------------------------------+
 Absorbed FE | Categories  - Redundant  = Num. Coefs |
-------------+---------------------------------------|
     unit_id |       989         989           0    *|
       etime |        13           1          12     |
-----------------------------------------------------+
* = FE nested within cluster; treated as redundant for DoF computation
--- dCDH: mm_violent [pa] ---


-------------------------------------------------------------------------------
> -
             Estimation of treatment effects: Event-study effects
-------------------------------------------------------------------------------
> -

             |  Estimate         SE      LB CI      UB CI          N 
-------------+-------------------------------------------------------
    Effect_1 |  .1710378   .2560544  -.3308196   .6728952        989 
    Effect_2 |  .5725085   .2823775   .0190587   1.125958        989 
    Effect_3 |   .475762   .2324412   .0201856   .9313383        989 
    Effect_4 |   .395317   .2005075   .0023294   .7883045        989 
    Effect_5 | -.1227673   .1516645  -.4200242   .1744896        989 
    Effect_6 | -.1743803   .1859439  -.5388237    .190063        989 

             | Switchers 
-------------+----------
    Effect_1 |        63 
    Effect_2 |        63 
    Effect_3 |        63 
    Effect_4 |        63 
    Effect_5 |        63 
    Effect_6 |        63 
-------------------------------------------------------------------------------
> -
The F-test that all effects are equal to zero may not be reliable, because the 
> variance of the effects is close to not being invertible (the ratio of its la
> rgest and smallest eigenvalues is larger than 1000). This can for instance ha
> ppen when you compute many effects estimators, or when your effects are very 
> strongly correlated. We recommend that you complement the F-test with a sup t
> -test, see FAQ section of the help file for more details.

Test of joint nullity of the effects : p-value = .16304993


-------------------------------------------------------------------------------
> -
               Average cumulative (total) effect per treatment unit
-------------------------------------------------------------------------------
> -

             |  Estimate         SE      LB CI      UB CI          N 
-------------+-------------------------------------------------------
  Av_tot_eff |  .2195796   .1020316   .0196013   .4195579       5934 

             |    Switch  x Periods 
-------------+---------------------
  Av_tot_eff |       378            
-------------------------------------------------------------------------------
> -
Average number of time periods over which a treatment's effect is accumulated =
>  3.5


-------------------------------------------------------------------------------
> -
          Testing the parallel trends and no anticipation assumptions
-------------------------------------------------------------------------------
> -

             |  Estimate         SE      LB CI      UB CI          N 
-------------+-------------------------------------------------------
   Placebo_1 | -.1331379   .1869825  -.4996169   .2333411        989 
   Placebo_2 |  .3276081   .1853151  -.0356028    .690819        989 
   Placebo_3 |  .5434537   .3456576  -.1340228    1.22093        989 
   Placebo_4 |  .2963934    .273522  -.2396999   .8324868        989 
   Placebo_5 |  -.094381   .2770387  -.6373669   .4486049        989 

             | Switchers 
-------------+----------
   Placebo_1 |        63 
   Placebo_2 |        63 
   Placebo_3 |        63 
   Placebo_4 |        63 
   Placebo_5 |        63 
-------------------------------------------------------------------------------
> -
Test of joint nullity of the placebos : p-value = .15643812


The development of this package was funded by the European Union (ERC, REALLYCR
> EDIBLE,GA N°101043899).
--- BJS: mm_violent [pa] ---

                                                        Number of obs = 12,857
------------------------------------------------------------------------------
  mm_violent | Coefficient  Std. err.      z    P>|z|     [95% conf. interval]
-------------+----------------------------------------------------------------
         tau |  -.0053579   .0918711    -0.06   0.953    -.1854219     .174706
------------------------------------------------------------------------------

                                                        Number of obs = 12,794
------------------------------------------------------------------------------
  mm_violent | Coefficient  Std. err.      z    P>|z|     [95% conf. interval]
-------------+----------------------------------------------------------------
        tau0 |   .0143817   .2618237     0.05   0.956    -.4987834    .5275468
        tau1 |   .4158525   .3242437     1.28   0.200    -.2196534    1.051358
        tau2 |   .3191059   .2293258     1.39   0.164    -.1303643    .7685761
        tau3 |   .2386609   .1343748     1.78   0.076    -.0247088    .5020307
        tau4 |  -.2794234    .100607    -2.78   0.005    -.4766095   -.0822373
        tau5 |  -.3310364   .1167412    -2.84   0.005    -.5598449   -.1022278
        pre1 |    .094381   .2718847     0.35   0.728    -.4385032    .6272653
        pre2 |  -.0387569   .1606878    -0.24   0.809    -.3536992    .2761854
        pre3 |   .4219891   .3434549     1.23   0.219    -.2511701    1.095148
        pre4 |   .6378347   .4103433     1.55   0.120    -.1664234    1.442093
        pre5 |   .3907745   .1819552     2.15   0.032     .0341489       .7474
        pre6 |          0  (omitted)
------------------------------------------------------------------------------
--- SA: mm_violent [pa] ---
(obs=819)

IW estimates for dynamic effects                        Number of obs = 12,857
Absorbing 2 HDFE groups                                 F(11, 21)     =   3.68
                                                        Prob > F      = 0.0050
                                                        R-squared     = 0.5705
                                                        Adj R-squared = 0.5339
                                                        Root MSE      = 1.3147
                            (Std. err. adjusted for 22 clusters in country_id)
------------------------------------------------------------------------------
             |               Robust
  mm_violent | Coefficient  std. err.      t    P>|t|     [95% conf. interval]
-------------+----------------------------------------------------------------
       ev_l6 |   .0348144   .1973768     0.18   0.862    -.3756531    .4452818
       ev_l5 |   .4255888   .2118544     2.01   0.058    -.0149865    .8661641
       ev_l4 |    .672649   .3208847     2.10   0.048     .0053327    1.339965
       ev_l3 |   .4568035   .2224069     2.05   0.053    -.0057169    .9193238
       ev_l2 |  -.0039425   .0723363    -0.05   0.957    -.1543742    .1464891
       ev_g0 |   .3002331   .2449709     1.23   0.234    -.2092118     .809678
       ev_g1 |   .7017039   .3743881     1.87   0.075    -.0768788    1.480287
       ev_g2 |   .6049573   .2953524     2.05   0.053    -.0092615    1.219176
       ev_g3 |   .5245123   .1899031     2.76   0.012     .1295872    .9194374
       ev_g4 |   .0064281   .0420578     0.15   0.880     -.081036    .0938921
       ev_g5 |   -.045185   .0645937    -0.70   0.492    -.1795148    .0891449
------------------------------------------------------------------------------
Number of observations (_N) was 0, now 12.
(6 real changes made)
(12 missing values generated)
(12 missing values generated)
(1 real change made)
(1 real change made)
(1 real change made)
(1 real change made)
(1 real change made)
(1 real change made)
(1 real change made)
(1 real change made)
(1 real change made)
(1 real change made)
(1 real change made)
(1 real change made)
(1 real change made)
(1 real change made)
(1 real change made)
(1 real change made)
(1 real change made)
(1 real change made)
(1 real change made)
(1 real change made)
(1 real change made)
(1 real change made)
(1 real change made)
(1 real change made)
(12 missing values generated)
(12 missing values generated)
(1 real change made)
(1 real change made)
(1 real change made)
(1 real change made)
(1 real change made)
(1 real change made)
(1 real change made)
(1 real change made)
(1 real change made)
(1 real change made)
(1 real change made)
(1 real change made)
(1 real change made)
(1 real change made)
(1 real change made)
(1 real change made)
(1 real change made)
(1 real change made)
(1 real change made)
(1 real change made)
(1 real change made)
(1 real change made)
(1 real change made)
(1 real change made)
(12 missing values generated)
(12 missing values generated)
(1 real change made)
(1 real change made)
(1 real change made)
(1 real change made)
(1 real change made)
(1 real change made)
(1 real change made)
(1 real change made)
(1 real change made)
(1 real change made)
(1 real change made)
(1 real change made)
(1 real change made)
(1 real change made)
(1 real change made)
(1 real change made)
(1 real change made)
(1 real change made)
(1 real change made)
(1 real change made)
(1 real change made)
(1 real change made)
(1 real change made)
(1 real change made)
(12 missing values generated)
(12 missing values generated)
(1 real change made)
(1 real change made)
(1 real change made)
(1 real change made)
(1 real change made)
(1 real change made)
(1 real change made)
(1 real change made)
(1 real change made)
(1 real change made)
(1 real change made)
(1 real change made)
(1 real change made)
(1 real change made)
(1 real change made)
(1 real change made)
(1 real change made)
(1 real change made)
(1 real change made)
(1 real change made)
(1 real change made)
(1 real change made)
(1 real change made)
(1 real change made)
file
    C:\Users\rob98/Dropbox/Corrupcion/protest_repo/paper/figures/did_modern_s
    > tk_es_mm_violent_pa_w90.pdf saved as PDF format
--- OLS: mm_nonviolent [pa] ---
(MWFE estimator converged in 2 iterations)

HDFE Linear regression                            Number of obs   =     12,857
Absorbing 2 HDFE groups                           F(   1,     21) =       0.00
Statistics robust to heteroskedasticity           Prob > F        =     0.9579
                                                  R-squared       =     0.4773
                                                  Adj R-squared   =     0.4332
                                                  Within R-sq.    =     0.0000
Number of clusters (country_id) =         22      Root MSE        =     1.5844

                            (Std. err. adjusted for 22 clusters in country_id)
------------------------------------------------------------------------------
             |               Robust
mm_nonviol~t | Coefficient  std. err.      t    P>|t|     [95% conf. interval]
-------------+----------------------------------------------------------------
           D |   .0050743    .094964     0.05   0.958    -.1924141    .2025627
       _cons |   .3995304   .0032573   122.66   0.000     .3927565    .4063043
------------------------------------------------------------------------------

Absorbed degrees of freedom:
-----------------------------------------------------+
 Absorbed FE | Categories  - Redundant  = Num. Coefs |
-------------+---------------------------------------|
     unit_id |       989         989           0    *|
       etime |        13           1          12     |
-----------------------------------------------------+
* = FE nested within cluster; treated as redundant for DoF computation
--- dCDH: mm_nonviolent [pa] ---


-------------------------------------------------------------------------------
> -
             Estimation of treatment effects: Event-study effects
-------------------------------------------------------------------------------
> -

             |  Estimate         SE      LB CI      UB CI          N 
-------------+-------------------------------------------------------
    Effect_1 |  .0733141   .2389183  -.3949571   .5415854        989 
    Effect_2 | -.2562481   .2343814  -.7156272   .2031311        989 
    Effect_3 | -.1148994   .2244808  -.5548737    .325075        989 
    Effect_4 | -.0285234   .3204168  -.6565289    .599482        989 
    Effect_5 | -.0709657   .2955931  -.6503176   .5083861        989 
    Effect_6 |  .1271727   .4775127   -.808735    1.06308        989 

             | Switchers 
-------------+----------
    Effect_1 |        63 
    Effect_2 |        63 
    Effect_3 |        63 
    Effect_4 |        63 
    Effect_5 |        63 
    Effect_6 |        63 
-------------------------------------------------------------------------------
> -
Test of joint nullity of the effects : p-value = .00053885


-------------------------------------------------------------------------------
> -
               Average cumulative (total) effect per treatment unit
-------------------------------------------------------------------------------
> -

             |  Estimate         SE      LB CI      UB CI          N 
-------------+-------------------------------------------------------
  Av_tot_eff |  -.045025   .2242571  -.4845608   .3945109       5934 

             |    Switch  x Periods 
-------------+---------------------
  Av_tot_eff |       378            
-------------------------------------------------------------------------------
> -
Average number of time periods over which a treatment's effect is accumulated =
>  3.5


-------------------------------------------------------------------------------
> -
          Testing the parallel trends and no anticipation assumptions
-------------------------------------------------------------------------------
> -

             |  Estimate         SE      LB CI      UB CI          N 
-------------+-------------------------------------------------------
   Placebo_1 | -.2246049   .1727503  -.5631893   .1139795        989 
   Placebo_2 | -.0100449   .1831422  -.3689969   .3489071        989 
   Placebo_3 |  .0761253   .2594917  -.4324691   .5847198        989 
   Placebo_4 |  .0610065   .2299644  -.3897155   .5117286        989 
   Placebo_5 | -.0410367   .2080489   -.448805   .3667315        989 

             | Switchers 
-------------+----------
   Placebo_1 |        63 
   Placebo_2 |        63 
   Placebo_3 |        63 
   Placebo_4 |        63 
   Placebo_5 |        63 
-------------------------------------------------------------------------------
> -
Test of joint nullity of the placebos : p-value = .06323139


The development of this package was funded by the European Union (ERC, REALLYCR
> EDIBLE,GA N°101043899).
--- BJS: mm_nonviolent [pa] ---

                                                        Number of obs = 12,857
------------------------------------------------------------------------------
mm_nonviol~t | Coefficient  Std. err.      z    P>|z|     [95% conf. interval]
-------------+----------------------------------------------------------------
         tau |   .0050743   .0897292     0.06   0.955    -.1707917    .1809403
------------------------------------------------------------------------------

                                                        Number of obs = 12,794
------------------------------------------------------------------------------
mm_nonviol~t | Coefficient  Std. err.      z    P>|z|     [95% conf. interval]
-------------+----------------------------------------------------------------
        tau0 |   .0964065   .1165453     0.83   0.408    -.1320181    .3248311
        tau1 |  -.2331558   .1352148    -1.72   0.085    -.4981719    .0318603
        tau2 |  -.0918071   .1219787    -0.75   0.452     -.330881    .1472668
        tau3 |  -.0054311   .2204165    -0.02   0.980    -.4374396    .4265773
        tau4 |  -.0478735   .2210983    -0.22   0.829    -.4812181    .3854712
        tau5 |    .150265    .396308     0.38   0.705    -.6264843    .9270143
        pre1 |   .0410367   .2043607     0.20   0.841    -.3595028    .4415763
        pre2 |  -.1835682   .2154484    -0.85   0.394    -.6058394     .238703
        pre3 |   .0309918   .2314896     0.13   0.893    -.4227195    .4847031
        pre4 |   .1171621   .1445766     0.81   0.418    -.1662029     .400527
        pre5 |   .1020433    .073295     1.39   0.164    -.0416122    .2456987
        pre6 |          0  (omitted)
------------------------------------------------------------------------------
--- SA: mm_nonviolent [pa] ---
(obs=819)

IW estimates for dynamic effects                        Number of obs = 12,857
Absorbing 2 HDFE groups                                 F(11, 21)     =   2.80
                                                        Prob > F      = 0.0206
                                                        R-squared     = 0.4775
                                                        Adj R-squared = 0.4329
                                                        Root MSE      = 1.5848
                            (Std. err. adjusted for 22 clusters in country_id)
------------------------------------------------------------------------------
             |               Robust
mm_nonviol~t | Coefficient  std. err.      t    P>|t|     [95% conf. interval]
-------------+----------------------------------------------------------------
       ev_l6 |  -.1130481   .1706179    -0.66   0.515    -.4678674    .2417712
       ev_l5 |  -.0110048   .2007682    -0.05   0.957    -.4285252    .4065155
       ev_l4 |    .004114    .252542     0.02   0.987     -.521076    .5293039
       ev_l3 |  -.0820563   .2331613    -0.35   0.728    -.5669417    .4028291
       ev_l2 |  -.2966163   .2199257    -1.35   0.192    -.7539767    .1607442
       ev_g0 |   .0013028   .2575033     0.01   0.996    -.5342046    .5368101
       ev_g1 |  -.3282595   .2665413    -1.23   0.232    -.8825625    .2260436
       ev_g2 |  -.1869108   .2445786    -0.76   0.453    -.6955399    .3217184
       ev_g3 |  -.1005348   .3587428    -0.28   0.782    -.8465813    .6455116
       ev_g4 |  -.1429771   .2280829    -0.63   0.538    -.6173014    .3313472
       ev_g5 |   .0551613   .3864179     0.14   0.888    -.7484388    .8587614
------------------------------------------------------------------------------
Number of observations (_N) was 0, now 12.
(6 real changes made)
(12 missing values generated)
(12 missing values generated)
(1 real change made)
(1 real change made)
(1 real change made)
(1 real change made)
(1 real change made)
(1 real change made)
(1 real change made)
(1 real change made)
(1 real change made)
(1 real change made)
(1 real change made)
(1 real change made)
(1 real change made)
(1 real change made)
(1 real change made)
(1 real change made)
(1 real change made)
(1 real change made)
(1 real change made)
(1 real change made)
(1 real change made)
(1 real change made)
(1 real change made)
(1 real change made)
(12 missing values generated)
(12 missing values generated)
(1 real change made)
(1 real change made)
(1 real change made)
(1 real change made)
(1 real change made)
(1 real change made)
(1 real change made)
(1 real change made)
(1 real change made)
(1 real change made)
(1 real change made)
(1 real change made)
(1 real change made)
(1 real change made)
(1 real change made)
(1 real change made)
(1 real change made)
(1 real change made)
(1 real change made)
(1 real change made)
(1 real change made)
(1 real change made)
(1 real change made)
(1 real change made)
(12 missing values generated)
(12 missing values generated)
(1 real change made)
(1 real change made)
(1 real change made)
(1 real change made)
(1 real change made)
(1 real change made)
(1 real change made)
(1 real change made)
(1 real change made)
(1 real change made)
(1 real change made)
(1 real change made)
(1 real change made)
(1 real change made)
(1 real change made)
(1 real change made)
(1 real change made)
(1 real change made)
(1 real change made)
(1 real change made)
(1 real change made)
(1 real change made)
(1 real change made)
(1 real change made)
(12 missing values generated)
(12 missing values generated)
(1 real change made)
(1 real change made)
(1 real change made)
(1 real change made)
(1 real change made)
(1 real change made)
(1 real change made)
(1 real change made)
(1 real change made)
(1 real change made)
(1 real change made)
(1 real change made)
(1 real change made)
(1 real change made)
(1 real change made)
(1 real change made)
(1 real change made)
(1 real change made)
(1 real change made)
(1 real change made)
(1 real change made)
(1 real change made)
(1 real change made)
(1 real change made)
file
    C:\Users\rob98/Dropbox/Corrupcion/protest_repo/paper/figures/did_modern_s
    > tk_es_mm_nonviolent_pa_w90.pdf saved as PDF format
(dataset contains 0 observations)
(file C:\Users\rob98\AppData\Local\Temp\ST_457c_00000h.tmp not found)
file C:\Users\rob98\AppData\Local\Temp\ST_457c_00000h.tmp saved as .dta
    format
(6,204 observations deleted)
(153 observations deleted)
file C:\Users\rob98\AppData\Local\Temp\ST_457c_00000h.tmp saved as .dta
    format
(6,204 observations deleted)
(187 observations deleted)
file C:\Users\rob98\AppData\Local\Temp\ST_457c_00000h.tmp saved as .dta
    format
(6,204 observations deleted)
(170 observations deleted)
file C:\Users\rob98\AppData\Local\Temp\ST_457c_00000h.tmp saved as .dta
    format
(6,204 observations deleted)
(170 observations deleted)
file C:\Users\rob98\AppData\Local\Temp\ST_457c_00000h.tmp saved as .dta
    format
(6,204 observations deleted)
(170 observations deleted)
file C:\Users\rob98\AppData\Local\Temp\ST_457c_00000h.tmp saved as .dta
    format
(6,204 observations deleted)
(170 observations deleted)
file C:\Users\rob98\AppData\Local\Temp\ST_457c_00000h.tmp saved as .dta
    format
(6,204 observations deleted)
(170 observations deleted)
file C:\Users\rob98\AppData\Local\Temp\ST_457c_00000h.tmp saved as .dta
    format
(6,204 observations deleted)
(170 observations deleted)
file C:\Users\rob98\AppData\Local\Temp\ST_457c_00000h.tmp saved as .dta
    format
(6,204 observations deleted)
(170 observations deleted)
file C:\Users\rob98\AppData\Local\Temp\ST_457c_00000h.tmp saved as .dta
    format
(6,204 observations deleted)
(187 observations deleted)
file C:\Users\rob98\AppData\Local\Temp\ST_457c_00000h.tmp saved as .dta
    format
(6,204 observations deleted)
(170 observations deleted)
file C:\Users\rob98\AppData\Local\Temp\ST_457c_00000h.tmp saved as .dta
    format
(6,204 observations deleted)
(153 observations deleted)
file C:\Users\rob98\AppData\Local\Temp\ST_457c_00000h.tmp saved as .dta
    format
(6,204 observations deleted)
(136 observations deleted)
file C:\Users\rob98\AppData\Local\Temp\ST_457c_00000h.tmp saved as .dta
    format
(6,204 observations deleted)
(136 observations deleted)
file C:\Users\rob98\AppData\Local\Temp\ST_457c_00000h.tmp saved as .dta
    format
(6,204 observations deleted)
(136 observations deleted)
file C:\Users\rob98\AppData\Local\Temp\ST_457c_00000h.tmp saved as .dta
    format
(6,204 observations deleted)
(102 observations deleted)
file C:\Users\rob98\AppData\Local\Temp\ST_457c_00000h.tmp saved as .dta
    format
(6,204 observations deleted)
(119 observations deleted)
file C:\Users\rob98\AppData\Local\Temp\ST_457c_00000h.tmp saved as .dta
    format
(6,204 observations deleted)
(102 observations deleted)
file C:\Users\rob98\AppData\Local\Temp\ST_457c_00000h.tmp saved as .dta
    format
(6,204 observations deleted)
(68 observations deleted)
file C:\Users\rob98\AppData\Local\Temp\ST_457c_00000h.tmp saved as .dta
    format
(6,204 observations deleted)
(85 observations deleted)
file C:\Users\rob98\AppData\Local\Temp\ST_457c_00000h.tmp saved as .dta
    format
(6,204 observations deleted)
(85 observations deleted)
file C:\Users\rob98\AppData\Local\Temp\ST_457c_00000h.tmp saved as .dta
    format
(6,204 observations deleted)
(85 observations deleted)
file C:\Users\rob98\AppData\Local\Temp\ST_457c_00000h.tmp saved as .dta
    format
(6,204 observations deleted)
(102 observations deleted)
file C:\Users\rob98\AppData\Local\Temp\ST_457c_00000h.tmp saved as .dta
    format
(6,204 observations deleted)
(85 observations deleted)
file C:\Users\rob98\AppData\Local\Temp\ST_457c_00000h.tmp saved as .dta
    format
(6,204 observations deleted)
(68 observations deleted)
file C:\Users\rob98\AppData\Local\Temp\ST_457c_00000h.tmp saved as .dta
    format
(6,204 observations deleted)
(34 observations deleted)
file C:\Users\rob98\AppData\Local\Temp\ST_457c_00000h.tmp saved as .dta
    format
(6,204 observations deleted)
(0 observations deleted)
file C:\Users\rob98\AppData\Local\Temp\ST_457c_00000h.tmp saved as .dta
    format
(6,204 observations deleted)
(68 observations deleted)
file C:\Users\rob98\AppData\Local\Temp\ST_457c_00000h.tmp saved as .dta
    format
(6,204 observations deleted)
(68 observations deleted)
file C:\Users\rob98\AppData\Local\Temp\ST_457c_00000h.tmp saved as .dta
    format
(6,204 observations deleted)
(170 observations deleted)
file C:\Users\rob98\AppData\Local\Temp\ST_457c_00000h.tmp saved as .dta
    format
(6,204 observations deleted)
(136 observations deleted)
file C:\Users\rob98\AppData\Local\Temp\ST_457c_00000h.tmp saved as .dta
    format
(6,204 observations deleted)
(34 observations deleted)
file C:\Users\rob98\AppData\Local\Temp\ST_457c_00000h.tmp saved as .dta
    format
(6,204 observations deleted)
(170 observations deleted)
file C:\Users\rob98\AppData\Local\Temp\ST_457c_00000h.tmp saved as .dta
    format
(6,204 observations deleted)
(170 observations deleted)
file C:\Users\rob98\AppData\Local\Temp\ST_457c_00000h.tmp saved as .dta
    format
(6,204 observations deleted)
(187 observations deleted)
file C:\Users\rob98\AppData\Local\Temp\ST_457c_00000h.tmp saved as .dta
    format
(6,204 observations deleted)
(102 observations deleted)
file C:\Users\rob98\AppData\Local\Temp\ST_457c_00000h.tmp saved as .dta
    format
(6,204 observations deleted)
(85 observations deleted)
file C:\Users\rob98\AppData\Local\Temp\ST_457c_00000h.tmp saved as .dta
    format
(6,204 observations deleted)
(85 observations deleted)
file C:\Users\rob98\AppData\Local\Temp\ST_457c_00000h.tmp saved as .dta
    format
(6,204 observations deleted)
(85 observations deleted)
file C:\Users\rob98\AppData\Local\Temp\ST_457c_00000h.tmp saved as .dta
    format
(6,204 observations deleted)
(68 observations deleted)
file C:\Users\rob98\AppData\Local\Temp\ST_457c_00000h.tmp saved as .dta
    format
(6,204 observations deleted)
(85 observations deleted)
file C:\Users\rob98\AppData\Local\Temp\ST_457c_00000h.tmp saved as .dta
    format
(6,204 observations deleted)
(68 observations deleted)
file C:\Users\rob98\AppData\Local\Temp\ST_457c_00000h.tmp saved as .dta
    format
(6,204 observations deleted)
(170 observations deleted)
file C:\Users\rob98\AppData\Local\Temp\ST_457c_00000h.tmp saved as .dta
    format
(6,204 observations deleted)
(153 observations deleted)
file C:\Users\rob98\AppData\Local\Temp\ST_457c_00000h.tmp saved as .dta
    format
(6,204 observations deleted)
(170 observations deleted)
file C:\Users\rob98\AppData\Local\Temp\ST_457c_00000h.tmp saved as .dta
    format
(6,204 observations deleted)
(170 observations deleted)
file C:\Users\rob98\AppData\Local\Temp\ST_457c_00000h.tmp saved as .dta
    format
(6,204 observations deleted)
(170 observations deleted)
file C:\Users\rob98\AppData\Local\Temp\ST_457c_00000h.tmp saved as .dta
    format
(6,204 observations deleted)
(153 observations deleted)
file C:\Users\rob98\AppData\Local\Temp\ST_457c_00000h.tmp saved as .dta
    format
(6,204 observations deleted)
(153 observations deleted)
file C:\Users\rob98\AppData\Local\Temp\ST_457c_00000h.tmp saved as .dta
    format
(6,204 observations deleted)
(170 observations deleted)
file C:\Users\rob98\AppData\Local\Temp\ST_457c_00000h.tmp saved as .dta
    format
(6,204 observations deleted)
(102 observations deleted)
file C:\Users\rob98\AppData\Local\Temp\ST_457c_00000h.tmp saved as .dta
    format
(6,204 observations deleted)
(136 observations deleted)
file C:\Users\rob98\AppData\Local\Temp\ST_457c_00000h.tmp saved as .dta
    format
(6,204 observations deleted)
(153 observations deleted)
file C:\Users\rob98\AppData\Local\Temp\ST_457c_00000h.tmp saved as .dta
    format
(6,204 observations deleted)
(170 observations deleted)
file C:\Users\rob98\AppData\Local\Temp\ST_457c_00000h.tmp saved as .dta
    format
(6,204 observations deleted)
(136 observations deleted)
file C:\Users\rob98\AppData\Local\Temp\ST_457c_00000h.tmp saved as .dta
    format
(6,204 observations deleted)
(187 observations deleted)
file C:\Users\rob98\AppData\Local\Temp\ST_457c_00000h.tmp saved as .dta
    format
(6,204 observations deleted)
(136 observations deleted)
file C:\Users\rob98\AppData\Local\Temp\ST_457c_00000h.tmp saved as .dta
    format
(6,204 observations deleted)
(170 observations deleted)
file C:\Users\rob98\AppData\Local\Temp\ST_457c_00000h.tmp saved as .dta
    format
(6,204 observations deleted)
(119 observations deleted)
file C:\Users\rob98\AppData\Local\Temp\ST_457c_00000h.tmp saved as .dta
    format
(6,204 observations deleted)
(153 observations deleted)
file C:\Users\rob98\AppData\Local\Temp\ST_457c_00000h.tmp saved as .dta
    format
(6,204 observations deleted)
(187 observations deleted)
file C:\Users\rob98\AppData\Local\Temp\ST_457c_00000h.tmp saved as .dta
    format
(6,204 observations deleted)
(102 observations deleted)
file C:\Users\rob98\AppData\Local\Temp\ST_457c_00000h.tmp saved as .dta
    format
(6,204 observations deleted)
(136 observations deleted)
file C:\Users\rob98\AppData\Local\Temp\ST_457c_00000h.tmp saved as .dta
    format
(14,331 missing values generated)
=== Stacked country x 15-day-bin panel [pa] ===
  15,402
Stacks (scandals): 63
file C:\Users\rob98\AppData\Local\Temp\ST_457c_00000i.tmp saved as .dta
    format
--- OLS: mm_violent [pa] ---
(MWFE estimator converged in 2 iterations)

HDFE Linear regression                            Number of obs   =     15,402
Absorbing 2 HDFE groups                           F(   1,     21) =       0.06
Statistics robust to heteroskedasticity           Prob > F        =     0.8151
                                                  R-squared       =     0.5126
                                                  Adj R-squared   =     0.4816
                                                  Within R-sq.    =     0.0000
Number of clusters (country_id) =         22      Root MSE        =     1.4124

                            (Std. err. adjusted for 22 clusters in country_id)
------------------------------------------------------------------------------
             |               Robust
  mm_violent | Coefficient  std. err.      t    P>|t|     [95% conf. interval]
-------------+----------------------------------------------------------------
           D |   .0211523   .0893282     0.24   0.815     -.164616    .2069205
       _cons |   .2971047   .0032885    90.35   0.000     .2902659    .3039435
------------------------------------------------------------------------------

Absorbed degrees of freedom:
-----------------------------------------------------+
 Absorbed FE | Categories  - Redundant  = Num. Coefs |
-------------+---------------------------------------|
     unit_id |       906         906           0    *|
       etime |        17           1          16     |
-----------------------------------------------------+
* = FE nested within cluster; treated as redundant for DoF computation
--- dCDH: mm_violent [pa] ---


-------------------------------------------------------------------------------
> -
             Estimation of treatment effects: Event-study effects
-------------------------------------------------------------------------------
> -

             |  Estimate         SE      LB CI      UB CI          N 
-------------+-------------------------------------------------------
    Effect_1 |  .1620064    .255939  -.3396247   .6636376        906 
    Effect_2 |  .5643112   .2819335   .0117317   1.116891        906 
    Effect_3 |  .4776592   .2322203   .0225158   .9328025        906 
    Effect_4 |  .4030391   .2009261   .0092312   .7968469        906 
    Effect_5 | -.1247811   .1518992   -.422498   .1729358        906 
    Effect_6 | -.1704796   .1862103   -.535445   .1944858        906 
    Effect_7 |  -.255324   .2456845  -.7368568   .2262089        906 
    Effect_8 | -.1901938   .1813635  -.5456596   .1652721        906 

             | Switchers 
-------------+----------
    Effect_1 |        63 
    Effect_2 |        63 
    Effect_3 |        63 
    Effect_4 |        63 
    Effect_5 |        63 
    Effect_6 |        63 
    Effect_7 |        63 
    Effect_8 |        63 
-------------------------------------------------------------------------------
> -
The F-test that all effects are equal to zero may not be reliable, because the 
> variance of the effects is close to not being invertible (the ratio of its la
> rgest and smallest eigenvalues is larger than 1000). This can for instance ha
> ppen when you compute many effects estimators, or when your effects are very 
> strongly correlated. We recommend that you complement the F-test with a sup t
> -test, see FAQ section of the help file for more details.

Test of joint nullity of the effects : p-value = .28666951


-------------------------------------------------------------------------------
> -
               Average cumulative (total) effect per treatment unit
-------------------------------------------------------------------------------
> -

             |  Estimate         SE      LB CI      UB CI          N 
-------------+-------------------------------------------------------
  Av_tot_eff |  .1082797    .106015  -.0995058   .3160652       7248 

             |    Switch  x Periods 
-------------+---------------------
  Av_tot_eff |       504            
-------------------------------------------------------------------------------
> -
Average number of time periods over which a treatment's effect is accumulated =
>  4.5


-------------------------------------------------------------------------------
> -
          Testing the parallel trends and no anticipation assumptions
-------------------------------------------------------------------------------
> -

             |  Estimate         SE      LB CI      UB CI          N 
-------------+-------------------------------------------------------
   Placebo_1 | -.1215048   .1913264  -.4964976    .253488        906 
   Placebo_2 |  .3219228   .1866819   -.043967   .6878127        906 
   Placebo_3 |  .5597356    .361351  -.1484993   1.267971        906 
   Placebo_4 |  .3066712   .2758324  -.2339504   .8472927        906 
   Placebo_5 | -.1064791     .27902  -.6533483   .4403901        906 
   Placebo_6 | -.1717788   .1356221  -.4375933   .0940357        906 
   Placebo_7 | -.4252951   .3846566  -1.179208    .328618        906 

             | Switchers 
-------------+----------
   Placebo_1 |        63 
   Placebo_2 |        63 
   Placebo_3 |        63 
   Placebo_4 |        63 
   Placebo_5 |        63 
   Placebo_6 |        63 
   Placebo_7 |        63 
-------------------------------------------------------------------------------
> -
The F-test that all pre-trends are equal to zero may not be reliable, because t
> he variance of the placebos is close to not being invertible (the ratio of it
> s largest and smallest eigenvalues is larger than 1000). This can for instanc
> e happen when you compute many placebos estimators, or when your placebos are
>  very strongly correlated. We recommend that you complement the F-test with a
>  sup t-test, see FAQ section of the help file for more details.

Test of joint nullity of the placebos : p-value = .02738106


The development of this package was funded by the European Union (ERC, REALLYCR
> EDIBLE,GA N°101043899).
--- BJS: mm_violent [pa] ---

                                                        Number of obs = 15,402
------------------------------------------------------------------------------
  mm_violent | Coefficient  Std. err.      z    P>|z|     [95% conf. interval]
-------------+----------------------------------------------------------------
         tau |   .0211522    .087362     0.24   0.809    -.1500741    .1923786
------------------------------------------------------------------------------

                                                        Number of obs = 15,339
------------------------------------------------------------------------------
  mm_violent | Coefficient  Std. err.      z    P>|z|     [95% conf. interval]
-------------+----------------------------------------------------------------
        tau0 |   .1165975   .2592926     0.45   0.653    -.3916066    .6248016
        tau1 |   .5189021   .3575961     1.45   0.147    -.1819734    1.219778
        tau2 |   .4322502   .2628473     1.64   0.100    -.0829209    .9474214
        tau3 |   .3576301   .1507731     2.37   0.018     .0621202      .65314
        tau4 |  -.1701901    .083049    -2.05   0.040    -.3329632    -.007417
        tau5 |  -.2158886   .0894587    -2.41   0.016    -.3912245   -.0405527
        tau6 |   -.300733   .1215133    -2.47   0.013    -.5388946   -.0625713
        tau7 |  -.2356028   .0998073    -2.36   0.018    -.4312215    -.039984
        pre1 |   .4252951   .3773753     1.13   0.260    -.3143468    1.164937
        pre2 |   .3037903   .1940638     1.57   0.117    -.0765677    .6841483
        pre3 |    .747218   .4321243     1.73   0.084    -.0997301    1.594166
        pre4 |   .9850308   .4160256     2.37   0.018     .1696355    1.800426
        pre5 |   .7319663   .2931292     2.50   0.013     .1574437    1.306489
        pre6 |    .318816   .2374437     1.34   0.179    -.1465651    .7841972
        pre7 |   .2535164   .2524237     1.00   0.315     -.241225    .7482577
        pre8 |          0  (omitted)
------------------------------------------------------------------------------
--- SA: mm_violent [pa] ---
(obs=1,071)

IW estimates for dynamic effects                        Number of obs = 15,402
Absorbing 2 HDFE groups                                 F(15, 21)     =   4.91
                                                        Prob > F      = 0.0005
                                                        R-squared     = 0.5142
                                                        Adj R-squared = 0.4828
                                                        Root MSE      = 1.4108
                            (Std. err. adjusted for 22 clusters in country_id)
------------------------------------------------------------------------------
             |               Robust
  mm_violent | Coefficient  std. err.      t    P>|t|     [95% conf. interval]
-------------+----------------------------------------------------------------
       ev_l8 |   -.291702   .2646873    -1.10   0.283    -.8421492    .2587453
       ev_l7 |  -.0381856   .0515685    -0.74   0.467    -.1454283     .069057
       ev_l6 |    .027114   .2058848     0.13   0.896    -.4010469     .455275
       ev_l5 |   .4402644   .2173094     2.03   0.056    -.0116552    .8921839
       ev_l4 |   .6933288     .33348     2.08   0.050    -.0001807    1.386838
       ev_l3 |    .455516   .2243355     2.03   0.055    -.0110151    .9220471
       ev_l2 |   .0120883   .0794474     0.15   0.881    -.1531315    .1773082
       ev_g0 |   .2955996   .2453158     1.20   0.242    -.2145626    .8057618
       ev_g1 |   .6979043   .3733782     1.87   0.076    -.0785782    1.474387
       ev_g2 |   .6112523   .2947016     2.07   0.051    -.0016132    1.224118
       ev_g3 |   .5366322   .1889886     2.84   0.010     .1436088    .9296556
       ev_g4 |   .0088121    .051081     0.17   0.865    -.0974166    .1150407
       ev_g5 |  -.0368864   .0659513    -0.56   0.582    -.1740396    .1002668
       ev_g6 |  -.1217308   .1235202    -0.99   0.336    -.3786051    .1351435
       ev_g7 |  -.0566006   .0686352    -0.82   0.419    -.1993353    .0861341
------------------------------------------------------------------------------
Number of observations (_N) was 0, now 16.
(8 real changes made)
(16 missing values generated)
(16 missing values generated)
(1 real change made)
(1 real change made)
(1 real change made)
(1 real change made)
(1 real change made)
(1 real change made)
(1 real change made)
(1 real change made)
(1 real change made)
(1 real change made)
(1 real change made)
(1 real change made)
(1 real change made)
(1 real change made)
(1 real change made)
(1 real change made)
(1 real change made)
(1 real change made)
(1 real change made)
(1 real change made)
(1 real change made)
(1 real change made)
(1 real change made)
(1 real change made)
(1 real change made)
(1 real change made)
(1 real change made)
(1 real change made)
(1 real change made)
(1 real change made)
(1 real change made)
(1 real change made)
(16 missing values generated)
(16 missing values generated)
(1 real change made)
(1 real change made)
(1 real change made)
(1 real change made)
(1 real change made)
(1 real change made)
(1 real change made)
(1 real change made)
(1 real change made)
(1 real change made)
(1 real change made)
(1 real change made)
(1 real change made)
(1 real change made)
(1 real change made)
(1 real change made)
(1 real change made)
(1 real change made)
(1 real change made)
(1 real change made)
(1 real change made)
(1 real change made)
(1 real change made)
(1 real change made)
(1 real change made)
(1 real change made)
(1 real change made)
(1 real change made)
(1 real change made)
(1 real change made)
(1 real change made)
(1 real change made)
(16 missing values generated)
(16 missing values generated)
(1 real change made)
(1 real change made)
(1 real change made)
(1 real change made)
(1 real change made)
(1 real change made)
(1 real change made)
(1 real change made)
(1 real change made)
(1 real change made)
(1 real change made)
(1 real change made)
(1 real change made)
(1 real change made)
(1 real change made)
(1 real change made)
(1 real change made)
(1 real change made)
(1 real change made)
(1 real change made)
(1 real change made)
(1 real change made)
(1 real change made)
(1 real change made)
(1 real change made)
(1 real change made)
(1 real change made)
(1 real change made)
(1 real change made)
(1 real change made)
(1 real change made)
(1 real change made)
(16 missing values generated)
(16 missing values generated)
(1 real change made)
(1 real change made)
(1 real change made)
(1 real change made)
(1 real change made)
(1 real change made)
(1 real change made)
(1 real change made)
(1 real change made)
(1 real change made)
(1 real change made)
(1 real change made)
(1 real change made)
(1 real change made)
(1 real change made)
(1 real change made)
(1 real change made)
(1 real change made)
(1 real change made)
(1 real change made)
(1 real change made)
(1 real change made)
(1 real change made)
(1 real change made)
(1 real change made)
(1 real change made)
(1 real change made)
(1 real change made)
(1 real change made)
(1 real change made)
(1 real change made)
(1 real change made)
file
    C:\Users\rob98/Dropbox/Corrupcion/protest_repo/paper/figures/did_modern_s
    > tk_es_mm_violent_pa_w120.pdf saved as PDF format
--- OLS: mm_nonviolent [pa] ---
(MWFE estimator converged in 2 iterations)

HDFE Linear regression                            Number of obs   =     15,402
Absorbing 2 HDFE groups                           F(   1,     21) =       1.94
Statistics robust to heteroskedasticity           Prob > F        =     0.1785
                                                  R-squared       =     0.3954
                                                  Adj R-squared   =     0.3569
                                                  Within R-sq.    =     0.0001
Number of clusters (country_id) =         22      Root MSE        =     1.5745

                            (Std. err. adjusted for 22 clusters in country_id)
------------------------------------------------------------------------------
             |               Robust
mm_nonviol~t | Coefficient  std. err.      t    P>|t|     [95% conf. interval]
-------------+----------------------------------------------------------------
           D |  -.1410401   .1013142    -1.39   0.178    -.3517345    .0696542
       _cons |   .3736508   .0037297   100.18   0.000     .3658944    .3814072
------------------------------------------------------------------------------

Absorbed degrees of freedom:
-----------------------------------------------------+
 Absorbed FE | Categories  - Redundant  = Num. Coefs |
-------------+---------------------------------------|
     unit_id |       906         906           0    *|
       etime |        17           1          16     |
-----------------------------------------------------+
* = FE nested within cluster; treated as redundant for DoF computation
--- dCDH: mm_nonviolent [pa] ---


-------------------------------------------------------------------------------
> -
             Estimation of treatment effects: Event-study effects
-------------------------------------------------------------------------------
> -

             |  Estimate         SE      LB CI      UB CI          N 
-------------+-------------------------------------------------------
    Effect_1 |  .0755239   .2394783   -.393845   .5448928        906 
    Effect_2 | -.2638536   .2429256   -.739979   .2122719        906 
    Effect_3 | -.1242727   .2250432  -.5653492   .3168038        906 
    Effect_4 |  .0154776   .3199113  -.6115371   .6424923        906 
    Effect_5 | -.0327063   .2974777  -.6157518   .5503392        906 
    Effect_6 |  .1484494   .4753504  -.7832202   1.080119        906 
    Effect_7 |  .1463594   .2220703  -.2888903   .5816091        906 
    Effect_8 |  .1942609   .2764171  -.3475068   .7360285        906 

             | Switchers 
-------------+----------
    Effect_1 |        63 
    Effect_2 |        63 
    Effect_3 |        63 
    Effect_4 |        63 
    Effect_5 |        63 
    Effect_6 |        63 
    Effect_7 |        63 
    Effect_8 |        63 
-------------------------------------------------------------------------------
> -
Test of joint nullity of the effects : p-value = .00006003


-------------------------------------------------------------------------------
> -
               Average cumulative (total) effect per treatment unit
-------------------------------------------------------------------------------
> -

             |  Estimate         SE      LB CI      UB CI          N 
-------------+-------------------------------------------------------
  Av_tot_eff |  .0199048   .2183406  -.4080349   .4478445       7248 

             |    Switch  x Periods 
-------------+---------------------
  Av_tot_eff |       504            
-------------------------------------------------------------------------------
> -
Average number of time periods over which a treatment's effect is accumulated =
>  4.5


-------------------------------------------------------------------------------
> -
          Testing the parallel trends and no anticipation assumptions
-------------------------------------------------------------------------------
> -

             |  Estimate         SE      LB CI      UB CI          N 
-------------+-------------------------------------------------------
   Placebo_1 | -.1895724   .1675364  -.5179377   .1387929        906 
   Placebo_2 |  .0241767   .1831885  -.3348662   .3832196        906 
   Placebo_3 |  .0995311    .264067  -.4180306   .6170929        906 
   Placebo_4 |  .1030899   .2331398  -.3538557   .5600354        906 
   Placebo_5 | -.0201661    .210402  -.4325465   .3922143        906 
   Placebo_6 |   .701576   .6972562   -.665021   2.068173        906 
   Placebo_7 |  .7077896   .5050222  -.2820358   1.697615        906 

             | Switchers 
-------------+----------
   Placebo_1 |        63 
   Placebo_2 |        63 
   Placebo_3 |        63 
   Placebo_4 |        63 
   Placebo_5 |        63 
   Placebo_6 |        63 
   Placebo_7 |        63 
-------------------------------------------------------------------------------
> -
The F-test that all pre-trends are equal to zero may not be reliable, because t
> he variance of the placebos is close to not being invertible (the ratio of it
> s largest and smallest eigenvalues is larger than 1000). This can for instanc
> e happen when you compute many placebos estimators, or when your placebos are
>  very strongly correlated. We recommend that you complement the F-test with a
>  sup t-test, see FAQ section of the help file for more details.

Test of joint nullity of the placebos : p-value = .00001908


The development of this package was funded by the European Union (ERC, REALLYCR
> EDIBLE,GA N°101043899).
--- BJS: mm_nonviolent [pa] ---

                                                        Number of obs = 15,402
------------------------------------------------------------------------------
mm_nonviol~t | Coefficient  Std. err.      z    P>|z|     [95% conf. interval]
-------------+----------------------------------------------------------------
         tau |  -.1410401   .0984388    -1.43   0.152    -.3339766    .0518964
------------------------------------------------------------------------------

                                                        Number of obs = 15,339
------------------------------------------------------------------------------
mm_nonviol~t | Coefficient  Std. err.      z    P>|z|     [95% conf. interval]
-------------+----------------------------------------------------------------
        tau0 |  -.1027792   .1340488    -0.77   0.443    -.3655099    .1599515
        tau1 |  -.4421567   .1853447    -2.39   0.017    -.8054257   -.0788877
        tau2 |  -.3025759   .1519929    -1.99   0.047    -.6004764   -.0046753
        tau3 |  -.1628255   .2403497    -0.68   0.498    -.6339022    .3082512
        tau4 |  -.2110095    .213477    -0.99   0.323    -.6294166    .2073977
        tau5 |  -.0298537   .3431485    -0.09   0.931    -.7024124     .642705
        tau6 |  -.0319438    .224736    -0.14   0.887    -.4724182    .4085307
        tau7 |   .0159578   .1259487     0.13   0.899    -.2308972    .2628127
        pre1 |  -.7077896   .4958075    -1.43   0.153    -1.679554    .2639752
        pre2 |   -.897362   .3931603    -2.28   0.022    -1.667942   -.1267821
        pre3 |  -.6836129   .4062627    -1.68   0.092    -1.479873    .1126473
        pre4 |  -.6082585   .3555051    -1.71   0.087    -1.305036    .0885186
        pre5 |  -.6046998   .4035909    -1.50   0.134    -1.395723    .1863238
        pre6 |  -.7279557   .3998705    -1.82   0.069    -1.511687     .055776
        pre7 |  -.0062136    .656218    -0.01   0.992    -1.292377     1.27995
        pre8 |          0  (omitted)
------------------------------------------------------------------------------
--- SA: mm_nonviolent [pa] ---
(obs=1,071)

IW estimates for dynamic effects                        Number of obs = 15,402
Absorbing 2 HDFE groups                                 F(15, 21)     =   2.92
                                                        Prob > F      = 0.0122
                                                        R-squared     = 0.3964
                                                        Adj R-squared = 0.3573
                                                        Root MSE      = 1.5740
                            (Std. err. adjusted for 22 clusters in country_id)
------------------------------------------------------------------------------
             |               Robust
mm_nonviol~t | Coefficient  std. err.      t    P>|t|     [95% conf. interval]
-------------+----------------------------------------------------------------
       ev_l8 |   .6197255   .3966888     1.56   0.133     -.205234    1.444685
       ev_l7 |   .6135118   .6296297     0.97   0.341    -.6958749    1.922899
       ev_l6 |  -.1082302   .1585975    -0.68   0.502    -.4380518    .2215913
       ev_l5 |   .0150257     .14604     0.10   0.919    -.2886811    .3187325
       ev_l4 |    .011467   .1351361     0.08   0.933    -.2695639    .2924979
       ev_l3 |  -.0638875   .1559485    -0.41   0.686       -.3882    .2604251
       ev_l2 |  -.2776366   .1702992    -1.63   0.118    -.6317931      .07652
       ev_g0 |  -.0125402   .1294686    -0.10   0.924    -.2817849    .2567044
       ev_g1 |  -.3519178   .1628755    -2.16   0.042     -.690636   -.0131995
       ev_g2 |  -.2123369   .1508847    -1.41   0.174    -.5261188     .101445
       ev_g3 |  -.0725866   .1955708    -0.37   0.714    -.4792983    .3341252
       ev_g4 |  -.1207705   .2718051    -0.44   0.661    -.6860202    .4444792
       ev_g5 |   .0603852   .4125234     0.15   0.885    -.7975042    .9182747
       ev_g6 |   .0582952   .2576561     0.23   0.823      -.47753    .5941204
       ev_g7 |   .1061967   .1307365     0.81   0.426    -.1656847    .3780781
------------------------------------------------------------------------------
Number of observations (_N) was 0, now 16.
(8 real changes made)
(16 missing values generated)
(16 missing values generated)
(1 real change made)
(1 real change made)
(1 real change made)
(1 real change made)
(1 real change made)
(1 real change made)
(1 real change made)
(1 real change made)
(1 real change made)
(1 real change made)
(1 real change made)
(1 real change made)
(1 real change made)
(1 real change made)
(1 real change made)
(1 real change made)
(1 real change made)
(1 real change made)
(1 real change made)
(1 real change made)
(1 real change made)
(1 real change made)
(1 real change made)
(1 real change made)
(1 real change made)
(1 real change made)
(1 real change made)
(1 real change made)
(1 real change made)
(1 real change made)
(1 real change made)
(1 real change made)
(16 missing values generated)
(16 missing values generated)
(1 real change made)
(1 real change made)
(1 real change made)
(1 real change made)
(1 real change made)
(1 real change made)
(1 real change made)
(1 real change made)
(1 real change made)
(1 real change made)
(1 real change made)
(1 real change made)
(1 real change made)
(1 real change made)
(1 real change made)
(1 real change made)
(1 real change made)
(1 real change made)
(1 real change made)
(1 real change made)
(1 real change made)
(1 real change made)
(1 real change made)
(1 real change made)
(1 real change made)
(1 real change made)
(1 real change made)
(1 real change made)
(1 real change made)
(1 real change made)
(1 real change made)
(1 real change made)
(16 missing values generated)
(16 missing values generated)
(1 real change made)
(1 real change made)
(1 real change made)
(1 real change made)
(1 real change made)
(1 real change made)
(1 real change made)
(1 real change made)
(1 real change made)
(1 real change made)
(1 real change made)
(1 real change made)
(1 real change made)
(1 real change made)
(1 real change made)
(1 real change made)
(1 real change made)
(1 real change made)
(1 real change made)
(1 real change made)
(1 real change made)
(1 real change made)
(1 real change made)
(1 real change made)
(1 real change made)
(1 real change made)
(1 real change made)
(1 real change made)
(1 real change made)
(1 real change made)
(1 real change made)
(1 real change made)
(16 missing values generated)
(16 missing values generated)
(1 real change made)
(1 real change made)
(1 real change made)
(1 real change made)
(1 real change made)
(1 real change made)
(1 real change made)
(1 real change made)
(1 real change made)
(1 real change made)
(1 real change made)
(1 real change made)
(1 real change made)
(1 real change made)
(1 real change made)
(1 real change made)
(1 real change made)
(1 real change made)
(1 real change made)
(1 real change made)
(1 real change made)
(1 real change made)
(1 real change made)
(1 real change made)
(1 real change made)
(1 real change made)
(1 real change made)
(1 real change made)
(1 real change made)
(1 real change made)
(1 real change made)
(1 real change made)
file
    C:\Users\rob98/Dropbox/Corrupcion/protest_repo/paper/figures/did_modern_s
    > tk_es_mm_nonviolent_pa_w120.pdf saved as PDF format
did_modern_stk_main_pa.tex written


=================================================================
   DID MODERN (stacked, 15-day bins, +- bins) -- na
=================================================================
(63 observations deleted)
file C:\Users\rob98\AppData\Local\Temp\ST_457c_00000l.tmp saved as .dta
    format
Scandals to stack [na]: 113
(dataset contains 0 observations)
(file C:\Users\rob98\AppData\Local\Temp\ST_457c_00000m.tmp not found)
file C:\Users\rob98\AppData\Local\Temp\ST_457c_00000m.tmp saved as .dta
    format
(6,468 observations deleted)
(15 observations deleted)
file C:\Users\rob98\AppData\Local\Temp\ST_457c_00000m.tmp saved as .dta
    format
(6,468 observations deleted)
(35 observations deleted)
file C:\Users\rob98\AppData\Local\Temp\ST_457c_00000m.tmp saved as .dta
    format
(6,468 observations deleted)
(40 observations deleted)
file C:\Users\rob98\AppData\Local\Temp\ST_457c_00000m.tmp saved as .dta
    format
(6,468 observations deleted)
(35 observations deleted)
file C:\Users\rob98\AppData\Local\Temp\ST_457c_00000m.tmp saved as .dta
    format
(6,468 observations deleted)
(0 observations deleted)
file C:\Users\rob98\AppData\Local\Temp\ST_457c_00000m.tmp saved as .dta
    format
(6,468 observations deleted)
(25 observations deleted)
file C:\Users\rob98\AppData\Local\Temp\ST_457c_00000m.tmp saved as .dta
    format
(6,468 observations deleted)
(25 observations deleted)
file C:\Users\rob98\AppData\Local\Temp\ST_457c_00000m.tmp saved as .dta
    format
(6,468 observations deleted)
(30 observations deleted)
file C:\Users\rob98\AppData\Local\Temp\ST_457c_00000m.tmp saved as .dta
    format
(6,468 observations deleted)
(30 observations deleted)
file C:\Users\rob98\AppData\Local\Temp\ST_457c_00000m.tmp saved as .dta
    format
(6,468 observations deleted)
(30 observations deleted)
file C:\Users\rob98\AppData\Local\Temp\ST_457c_00000m.tmp saved as .dta
    format
(6,468 observations deleted)
(35 observations deleted)
file C:\Users\rob98\AppData\Local\Temp\ST_457c_00000m.tmp saved as .dta
    format
(6,468 observations deleted)
(15 observations deleted)
file C:\Users\rob98\AppData\Local\Temp\ST_457c_00000m.tmp saved as .dta
    format
(6,468 observations deleted)
(25 observations deleted)
file C:\Users\rob98\AppData\Local\Temp\ST_457c_00000m.tmp saved as .dta
    format
(6,468 observations deleted)
(35 observations deleted)
file C:\Users\rob98\AppData\Local\Temp\ST_457c_00000m.tmp saved as .dta
    format
(6,468 observations deleted)
(45 observations deleted)
file C:\Users\rob98\AppData\Local\Temp\ST_457c_00000m.tmp saved as .dta
    format
(6,468 observations deleted)
(45 observations deleted)
file C:\Users\rob98\AppData\Local\Temp\ST_457c_00000m.tmp saved as .dta
    format
(6,468 observations deleted)
(10 observations deleted)
file C:\Users\rob98\AppData\Local\Temp\ST_457c_00000m.tmp saved as .dta
    format
(6,468 observations deleted)
(40 observations deleted)
file C:\Users\rob98\AppData\Local\Temp\ST_457c_00000m.tmp saved as .dta
    format
(6,468 observations deleted)
(35 observations deleted)
file C:\Users\rob98\AppData\Local\Temp\ST_457c_00000m.tmp saved as .dta
    format
(6,468 observations deleted)
(25 observations deleted)
file C:\Users\rob98\AppData\Local\Temp\ST_457c_00000m.tmp saved as .dta
    format
(6,468 observations deleted)
(25 observations deleted)
file C:\Users\rob98\AppData\Local\Temp\ST_457c_00000m.tmp saved as .dta
    format
(6,468 observations deleted)
(25 observations deleted)
file C:\Users\rob98\AppData\Local\Temp\ST_457c_00000m.tmp saved as .dta
    format
(6,468 observations deleted)
(45 observations deleted)
file C:\Users\rob98\AppData\Local\Temp\ST_457c_00000m.tmp saved as .dta
    format
(6,468 observations deleted)
(15 observations deleted)
file C:\Users\rob98\AppData\Local\Temp\ST_457c_00000m.tmp saved as .dta
    format
(6,468 observations deleted)
(25 observations deleted)
file C:\Users\rob98\AppData\Local\Temp\ST_457c_00000m.tmp saved as .dta
    format
(6,468 observations deleted)
(30 observations deleted)
file C:\Users\rob98\AppData\Local\Temp\ST_457c_00000m.tmp saved as .dta
    format
(6,468 observations deleted)
(20 observations deleted)
file C:\Users\rob98\AppData\Local\Temp\ST_457c_00000m.tmp saved as .dta
    format
(6,468 observations deleted)
(10 observations deleted)
file C:\Users\rob98\AppData\Local\Temp\ST_457c_00000m.tmp saved as .dta
    format
(6,468 observations deleted)
(5 observations deleted)
file C:\Users\rob98\AppData\Local\Temp\ST_457c_00000m.tmp saved as .dta
    format
(6,468 observations deleted)
(10 observations deleted)
file C:\Users\rob98\AppData\Local\Temp\ST_457c_00000m.tmp saved as .dta
    format
(6,468 observations deleted)
(5 observations deleted)
file C:\Users\rob98\AppData\Local\Temp\ST_457c_00000m.tmp saved as .dta
    format
(6,468 observations deleted)
(15 observations deleted)
file C:\Users\rob98\AppData\Local\Temp\ST_457c_00000m.tmp saved as .dta
    format
(6,468 observations deleted)
(10 observations deleted)
file C:\Users\rob98\AppData\Local\Temp\ST_457c_00000m.tmp saved as .dta
    format
(6,468 observations deleted)
(0 observations deleted)
file C:\Users\rob98\AppData\Local\Temp\ST_457c_00000m.tmp saved as .dta
    format
(6,468 observations deleted)
(15 observations deleted)
file C:\Users\rob98\AppData\Local\Temp\ST_457c_00000m.tmp saved as .dta
    format
(6,468 observations deleted)
(0 observations deleted)
file C:\Users\rob98\AppData\Local\Temp\ST_457c_00000m.tmp saved as .dta
    format
(6,468 observations deleted)
(30 observations deleted)
file C:\Users\rob98\AppData\Local\Temp\ST_457c_00000m.tmp saved as .dta
    format
(6,468 observations deleted)
(30 observations deleted)
file C:\Users\rob98\AppData\Local\Temp\ST_457c_00000m.tmp saved as .dta
    format
(6,468 observations deleted)
(30 observations deleted)
file C:\Users\rob98\AppData\Local\Temp\ST_457c_00000m.tmp saved as .dta
    format
(6,468 observations deleted)
(35 observations deleted)
file C:\Users\rob98\AppData\Local\Temp\ST_457c_00000m.tmp saved as .dta
    format
(6,468 observations deleted)
(20 observations deleted)
file C:\Users\rob98\AppData\Local\Temp\ST_457c_00000m.tmp saved as .dta
    format
(6,468 observations deleted)
(15 observations deleted)
file C:\Users\rob98\AppData\Local\Temp\ST_457c_00000m.tmp saved as .dta
    format
(6,468 observations deleted)
(25 observations deleted)
file C:\Users\rob98\AppData\Local\Temp\ST_457c_00000m.tmp saved as .dta
    format
(6,468 observations deleted)
(25 observations deleted)
file C:\Users\rob98\AppData\Local\Temp\ST_457c_00000m.tmp saved as .dta
    format
(6,468 observations deleted)
(20 observations deleted)
file C:\Users\rob98\AppData\Local\Temp\ST_457c_00000m.tmp saved as .dta
    format
(6,468 observations deleted)
(25 observations deleted)
file C:\Users\rob98\AppData\Local\Temp\ST_457c_00000m.tmp saved as .dta
    format
(6,468 observations deleted)
(10 observations deleted)
file C:\Users\rob98\AppData\Local\Temp\ST_457c_00000m.tmp saved as .dta
    format
(6,468 observations deleted)
(15 observations deleted)
file C:\Users\rob98\AppData\Local\Temp\ST_457c_00000m.tmp saved as .dta
    format
(6,468 observations deleted)
(35 observations deleted)
file C:\Users\rob98\AppData\Local\Temp\ST_457c_00000m.tmp saved as .dta
    format
(6,468 observations deleted)
(35 observations deleted)
file C:\Users\rob98\AppData\Local\Temp\ST_457c_00000m.tmp saved as .dta
    format
(6,468 observations deleted)
(10 observations deleted)
file C:\Users\rob98\AppData\Local\Temp\ST_457c_00000m.tmp saved as .dta
    format
(6,468 observations deleted)
(30 observations deleted)
file C:\Users\rob98\AppData\Local\Temp\ST_457c_00000m.tmp saved as .dta
    format
(6,468 observations deleted)
(0 observations deleted)
file C:\Users\rob98\AppData\Local\Temp\ST_457c_00000m.tmp saved as .dta
    format
(6,468 observations deleted)
(10 observations deleted)
file C:\Users\rob98\AppData\Local\Temp\ST_457c_00000m.tmp saved as .dta
    format
(6,468 observations deleted)
(10 observations deleted)
file C:\Users\rob98\AppData\Local\Temp\ST_457c_00000m.tmp saved as .dta
    format
(6,468 observations deleted)
(5 observations deleted)
file C:\Users\rob98\AppData\Local\Temp\ST_457c_00000m.tmp saved as .dta
    format
(6,468 observations deleted)
(5 observations deleted)
file C:\Users\rob98\AppData\Local\Temp\ST_457c_00000m.tmp saved as .dta
    format
(6,468 observations deleted)
(20 observations deleted)
file C:\Users\rob98\AppData\Local\Temp\ST_457c_00000m.tmp saved as .dta
    format
(6,468 observations deleted)
(30 observations deleted)
file C:\Users\rob98\AppData\Local\Temp\ST_457c_00000m.tmp saved as .dta
    format
(6,468 observations deleted)
(5 observations deleted)
file C:\Users\rob98\AppData\Local\Temp\ST_457c_00000m.tmp saved as .dta
    format
(6,468 observations deleted)
(5 observations deleted)
file C:\Users\rob98\AppData\Local\Temp\ST_457c_00000m.tmp saved as .dta
    format
(6,468 observations deleted)
(10 observations deleted)
file C:\Users\rob98\AppData\Local\Temp\ST_457c_00000m.tmp saved as .dta
    format
(6,468 observations deleted)
(15 observations deleted)
file C:\Users\rob98\AppData\Local\Temp\ST_457c_00000m.tmp saved as .dta
    format
(6,468 observations deleted)
(20 observations deleted)
file C:\Users\rob98\AppData\Local\Temp\ST_457c_00000m.tmp saved as .dta
    format
(6,468 observations deleted)
(10 observations deleted)
file C:\Users\rob98\AppData\Local\Temp\ST_457c_00000m.tmp saved as .dta
    format
(6,468 observations deleted)
(15 observations deleted)
file C:\Users\rob98\AppData\Local\Temp\ST_457c_00000m.tmp saved as .dta
    format
(6,468 observations deleted)
(10 observations deleted)
file C:\Users\rob98\AppData\Local\Temp\ST_457c_00000m.tmp saved as .dta
    format
(6,468 observations deleted)
(35 observations deleted)
file C:\Users\rob98\AppData\Local\Temp\ST_457c_00000m.tmp saved as .dta
    format
(6,468 observations deleted)
(25 observations deleted)
file C:\Users\rob98\AppData\Local\Temp\ST_457c_00000m.tmp saved as .dta
    format
(6,468 observations deleted)
(0 observations deleted)
file C:\Users\rob98\AppData\Local\Temp\ST_457c_00000m.tmp saved as .dta
    format
(6,468 observations deleted)
(10 observations deleted)
file C:\Users\rob98\AppData\Local\Temp\ST_457c_00000m.tmp saved as .dta
    format
(6,468 observations deleted)
(5 observations deleted)
file C:\Users\rob98\AppData\Local\Temp\ST_457c_00000m.tmp saved as .dta
    format
(6,468 observations deleted)
(10 observations deleted)
file C:\Users\rob98\AppData\Local\Temp\ST_457c_00000m.tmp saved as .dta
    format
(6,468 observations deleted)
(40 observations deleted)
file C:\Users\rob98\AppData\Local\Temp\ST_457c_00000m.tmp saved as .dta
    format
(6,468 observations deleted)
(25 observations deleted)
file C:\Users\rob98\AppData\Local\Temp\ST_457c_00000m.tmp saved as .dta
    format
(6,468 observations deleted)
(20 observations deleted)
file C:\Users\rob98\AppData\Local\Temp\ST_457c_00000m.tmp saved as .dta
    format
(6,468 observations deleted)
(10 observations deleted)
file C:\Users\rob98\AppData\Local\Temp\ST_457c_00000m.tmp saved as .dta
    format
(6,468 observations deleted)
(10 observations deleted)
file C:\Users\rob98\AppData\Local\Temp\ST_457c_00000m.tmp saved as .dta
    format
(6,468 observations deleted)
(25 observations deleted)
file C:\Users\rob98\AppData\Local\Temp\ST_457c_00000m.tmp saved as .dta
    format
(6,468 observations deleted)
(15 observations deleted)
file C:\Users\rob98\AppData\Local\Temp\ST_457c_00000m.tmp saved as .dta
    format
(6,468 observations deleted)
(35 observations deleted)
file C:\Users\rob98\AppData\Local\Temp\ST_457c_00000m.tmp saved as .dta
    format
(6,468 observations deleted)
(35 observations deleted)
file C:\Users\rob98\AppData\Local\Temp\ST_457c_00000m.tmp saved as .dta
    format
(6,468 observations deleted)
(30 observations deleted)
file C:\Users\rob98\AppData\Local\Temp\ST_457c_00000m.tmp saved as .dta
    format
(6,468 observations deleted)
(5 observations deleted)
file C:\Users\rob98\AppData\Local\Temp\ST_457c_00000m.tmp saved as .dta
    format
(6,468 observations deleted)
(10 observations deleted)
file C:\Users\rob98\AppData\Local\Temp\ST_457c_00000m.tmp saved as .dta
    format
(6,468 observations deleted)
(20 observations deleted)
file C:\Users\rob98\AppData\Local\Temp\ST_457c_00000m.tmp saved as .dta
    format
(6,468 observations deleted)
(25 observations deleted)
file C:\Users\rob98\AppData\Local\Temp\ST_457c_00000m.tmp saved as .dta
    format
(6,468 observations deleted)
(30 observations deleted)
file C:\Users\rob98\AppData\Local\Temp\ST_457c_00000m.tmp saved as .dta
    format
(6,468 observations deleted)
(25 observations deleted)
file C:\Users\rob98\AppData\Local\Temp\ST_457c_00000m.tmp saved as .dta
    format
(6,468 observations deleted)
(10 observations deleted)
file C:\Users\rob98\AppData\Local\Temp\ST_457c_00000m.tmp saved as .dta
    format
(6,468 observations deleted)
(35 observations deleted)
file C:\Users\rob98\AppData\Local\Temp\ST_457c_00000m.tmp saved as .dta
    format
(6,468 observations deleted)
(5 observations deleted)
file C:\Users\rob98\AppData\Local\Temp\ST_457c_00000m.tmp saved as .dta
    format
(6,468 observations deleted)
(25 observations deleted)
file C:\Users\rob98\AppData\Local\Temp\ST_457c_00000m.tmp saved as .dta
    format
(6,468 observations deleted)
(25 observations deleted)
file C:\Users\rob98\AppData\Local\Temp\ST_457c_00000m.tmp saved as .dta
    format
(6,468 observations deleted)
(25 observations deleted)
file C:\Users\rob98\AppData\Local\Temp\ST_457c_00000m.tmp saved as .dta
    format
(6,468 observations deleted)
(45 observations deleted)
file C:\Users\rob98\AppData\Local\Temp\ST_457c_00000m.tmp saved as .dta
    format
(6,468 observations deleted)
(20 observations deleted)
file C:\Users\rob98\AppData\Local\Temp\ST_457c_00000m.tmp saved as .dta
    format
(6,468 observations deleted)
(30 observations deleted)
file C:\Users\rob98\AppData\Local\Temp\ST_457c_00000m.tmp saved as .dta
    format
(6,468 observations deleted)
(40 observations deleted)
file C:\Users\rob98\AppData\Local\Temp\ST_457c_00000m.tmp saved as .dta
    format
(6,468 observations deleted)
(45 observations deleted)
file C:\Users\rob98\AppData\Local\Temp\ST_457c_00000m.tmp saved as .dta
    format
(6,468 observations deleted)
(25 observations deleted)
file C:\Users\rob98\AppData\Local\Temp\ST_457c_00000m.tmp saved as .dta
    format
(6,468 observations deleted)
(30 observations deleted)
file C:\Users\rob98\AppData\Local\Temp\ST_457c_00000m.tmp saved as .dta
    format
(6,468 observations deleted)
(35 observations deleted)
file C:\Users\rob98\AppData\Local\Temp\ST_457c_00000m.tmp saved as .dta
    format
(6,468 observations deleted)
(35 observations deleted)
file C:\Users\rob98\AppData\Local\Temp\ST_457c_00000m.tmp saved as .dta
    format
(6,468 observations deleted)
(25 observations deleted)
file C:\Users\rob98\AppData\Local\Temp\ST_457c_00000m.tmp saved as .dta
    format
(6,468 observations deleted)
(25 observations deleted)
file C:\Users\rob98\AppData\Local\Temp\ST_457c_00000m.tmp saved as .dta
    format
(6,468 observations deleted)
(25 observations deleted)
file C:\Users\rob98\AppData\Local\Temp\ST_457c_00000m.tmp saved as .dta
    format
(6,468 observations deleted)
(35 observations deleted)
file C:\Users\rob98\AppData\Local\Temp\ST_457c_00000m.tmp saved as .dta
    format
(6,468 observations deleted)
(45 observations deleted)
file C:\Users\rob98\AppData\Local\Temp\ST_457c_00000m.tmp saved as .dta
    format
(6,468 observations deleted)
(35 observations deleted)
file C:\Users\rob98\AppData\Local\Temp\ST_457c_00000m.tmp saved as .dta
    format
(6,468 observations deleted)
(30 observations deleted)
file C:\Users\rob98\AppData\Local\Temp\ST_457c_00000m.tmp saved as .dta
    format
(6,468 observations deleted)
(15 observations deleted)
file C:\Users\rob98\AppData\Local\Temp\ST_457c_00000m.tmp saved as .dta
    format
(6,468 observations deleted)
(35 observations deleted)
file C:\Users\rob98\AppData\Local\Temp\ST_457c_00000m.tmp saved as .dta
    format
(9,330 missing values generated)
=== Stacked country x 15-day-bin panel [na] ===
  9,895
Stacks (scandals): 113
file C:\Users\rob98\AppData\Local\Temp\ST_457c_00000n.tmp saved as .dta
    format
--- OLS: mm_violent [na] ---
(MWFE estimator converged in 2 iterations)

HDFE Linear regression                            Number of obs   =      9,895
Absorbing 2 HDFE groups                           F(   1,     21) =       0.28
Statistics robust to heteroskedasticity           Prob > F        =     0.6034
                                                  R-squared       =     0.8299
                                                  Adj R-squared   =     0.7873
                                                  Within R-sq.    =     0.0001
Number of clusters (country_id) =         22      Root MSE        =     0.7568

                            (Std. err. adjusted for 22 clusters in country_id)
------------------------------------------------------------------------------
             |               Robust
  mm_violent | Coefficient  std. err.      t    P>|t|     [95% conf. interval]
-------------+----------------------------------------------------------------
           D |  -.0637301   .1208287    -0.53   0.603     -.315007    .1875468
       _cons |   .2123906   .0041396    51.31   0.000     .2037819    .2209992
------------------------------------------------------------------------------

Absorbed degrees of freedom:
-----------------------------------------------------+
 Absorbed FE | Categories  - Redundant  = Num. Coefs |
-------------+---------------------------------------|
     unit_id |      1979        1979           0    *|
       etime |         5           1           4     |
-----------------------------------------------------+
* = FE nested within cluster; treated as redundant for DoF computation
--- dCDH: mm_violent [na] ---


-------------------------------------------------------------------------------
> -
             Estimation of treatment effects: Event-study effects
-------------------------------------------------------------------------------
> -

             |  Estimate         SE      LB CI      UB CI          N 
-------------+-------------------------------------------------------
    Effect_1 | -.0517647   .1034154  -.2544551   .1509257       1979 
    Effect_2 | -.1625502   .1703648   -.496459   .1713587       1979 

             | Switchers 
-------------+----------
    Effect_1 |       113 
    Effect_2 |       113 
-------------------------------------------------------------------------------
> -
Test of joint nullity of the effects : p-value = .63180001


-------------------------------------------------------------------------------
> -
               Average cumulative (total) effect per treatment unit
-------------------------------------------------------------------------------
> -

             |  Estimate         SE      LB CI      UB CI          N 
-------------+-------------------------------------------------------
  Av_tot_eff | -.1071574   .1175149  -.3374823   .1231675       3958 

             |    Switch  x Periods 
-------------+---------------------
  Av_tot_eff |       226            
-------------------------------------------------------------------------------
> -
Average number of time periods over which a treatment's effect is accumulated =
>  1.5


-------------------------------------------------------------------------------
> -
          Testing the parallel trends and no anticipation assumptions
-------------------------------------------------------------------------------
> -

             |  Estimate         SE      LB CI      UB CI          N 
-------------+-------------------------------------------------------
   Placebo_1 | -.1595386   .1613976  -.4758721   .1567948       1979 

             | Switchers 
-------------+----------
   Placebo_1 |       113 
-------------------------------------------------------------------------------
> -


The development of this package was funded by the European Union (ERC, REALLYCR
> EDIBLE,GA N°101043899).
--- BJS: mm_violent [na] ---

                                                         Number of obs = 9,895
------------------------------------------------------------------------------
  mm_violent | Coefficient  Std. err.      z    P>|z|     [95% conf. interval]
-------------+----------------------------------------------------------------
         tau |  -.0637301    .117882    -0.54   0.589    -.2947745    .1673143
------------------------------------------------------------------------------

                                                         Number of obs = 9,782
------------------------------------------------------------------------------
  mm_violent | Coefficient  Std. err.      z    P>|z|     [95% conf. interval]
-------------+----------------------------------------------------------------
        tau0 |   .0280046    .154339     0.18   0.856    -.2744942    .3305035
        tau1 |  -.0827808   .1419458    -0.58   0.560    -.3609894    .1954277
        pre1 |   .1595386   .1599978     1.00   0.319    -.1540514    .4731287
        pre2 |          0  (omitted)
------------------------------------------------------------------------------
--- SA: mm_violent [na] ---
(obs=565)

IW estimates for dynamic effects                        Number of obs =  9,895
Absorbing 2 HDFE groups                                 F(3, 21)      =   0.18
                                                        Prob > F      = 0.9086
                                                        R-squared     = 0.8299
                                                        Adj R-squared = 0.7873
                                                        Root MSE      = 0.7568
                            (Std. err. adjusted for 22 clusters in country_id)
------------------------------------------------------------------------------
             |               Robust
  mm_violent | Coefficient  std. err.      t    P>|t|     [95% conf. interval]
-------------+----------------------------------------------------------------
       ev_l2 |  -.0514469    .129371    -0.40   0.695    -.3204888    .2175949
       ev_g0 |    .056327   .1046752     0.54   0.596     -.161357     .274011
       ev_g1 |  -.0544585   .1022546    -0.53   0.600    -.2671086    .1581917
------------------------------------------------------------------------------
Number of observations (_N) was 0, now 4.
(2 real changes made)
(4 missing values generated)
(4 missing values generated)
(1 real change made)
(1 real change made)
(1 real change made)
(1 real change made)
(1 real change made)
(1 real change made)
(1 real change made)
(1 real change made)
(4 missing values generated)
(4 missing values generated)
(1 real change made)
(1 real change made)
(1 real change made)
(1 real change made)
(1 real change made)
(1 real change made)
(1 real change made)
(1 real change made)
(4 missing values generated)
(4 missing values generated)
(1 real change made)
(1 real change made)
(1 real change made)
(1 real change made)
(1 real change made)
(1 real change made)
(1 real change made)
(1 real change made)
(4 missing values generated)
(4 missing values generated)
(1 real change made)
(1 real change made)
(1 real change made)
(1 real change made)
(1 real change made)
(1 real change made)
(1 real change made)
(1 real change made)
file
    C:\Users\rob98/Dropbox/Corrupcion/protest_repo/paper/figures/did_modern_s
    > tk_es_mm_violent_na_w30.pdf saved as PDF format
--- OLS: mm_nonviolent [na] ---
(MWFE estimator converged in 2 iterations)

HDFE Linear regression                            Number of obs   =      9,895
Absorbing 2 HDFE groups                           F(   1,     21) =       0.04
Statistics robust to heteroskedasticity           Prob > F        =     0.8508
                                                  R-squared       =     0.6627
                                                  Adj R-squared   =     0.5782
                                                  Within R-sq.    =     0.0000
Number of clusters (country_id) =         22      Root MSE        =     1.3902

                            (Std. err. adjusted for 22 clusters in country_id)
------------------------------------------------------------------------------
             |               Robust
mm_nonviol~t | Coefficient  std. err.      t    P>|t|     [95% conf. interval]
-------------+----------------------------------------------------------------
           D |   .0621919   .3265393     0.19   0.851    -.6168836    .7412675
       _cons |    .443549   .0111871    39.65   0.000      .420284    .4668139
------------------------------------------------------------------------------

Absorbed degrees of freedom:
-----------------------------------------------------+
 Absorbed FE | Categories  - Redundant  = Num. Coefs |
-------------+---------------------------------------|
     unit_id |      1979        1979           0    *|
       etime |         5           1           4     |
-----------------------------------------------------+
* = FE nested within cluster; treated as redundant for DoF computation
--- dCDH: mm_nonviolent [na] ---


-------------------------------------------------------------------------------
> -
             Estimation of treatment effects: Event-study effects
-------------------------------------------------------------------------------
> -

             |  Estimate         SE      LB CI      UB CI          N 
-------------+-------------------------------------------------------
    Effect_1 |  .1877662   .2497431  -.3017214   .6772537       1979 
    Effect_2 | -.0119796   .1854774  -.3755087   .3515495       1979 

             | Switchers 
-------------+----------
    Effect_1 |       113 
    Effect_2 |       113 
-------------------------------------------------------------------------------
> -
Test of joint nullity of the effects : p-value = .70055652


-------------------------------------------------------------------------------
> -
               Average cumulative (total) effect per treatment unit
-------------------------------------------------------------------------------
> -

             |  Estimate         SE      LB CI      UB CI          N 
-------------+-------------------------------------------------------
  Av_tot_eff |  .0878933   .1819069  -.2686376   .4444242       3958 

             |    Switch  x Periods 
-------------+---------------------
  Av_tot_eff |       226            
-------------------------------------------------------------------------------
> -
Average number of time periods over which a treatment's effect is accumulated =
>  1.5


-------------------------------------------------------------------------------
> -
          Testing the parallel trends and no anticipation assumptions
-------------------------------------------------------------------------------
> -

             |  Estimate         SE      LB CI      UB CI          N 
-------------+-------------------------------------------------------
   Placebo_1 | -.1169128   .3510955  -.8050473   .5712217       1979 

             | Switchers 
-------------+----------
   Placebo_1 |       113 
-------------------------------------------------------------------------------
> -


The development of this package was funded by the European Union (ERC, REALLYCR
> EDIBLE,GA N°101043899).
--- BJS: mm_nonviolent [na] ---

                                                         Number of obs = 9,895
------------------------------------------------------------------------------
mm_nonviol~t | Coefficient  Std. err.      z    P>|z|     [95% conf. interval]
-------------+----------------------------------------------------------------
         tau |   .0621919   .3168185     0.20   0.844     -.558761    .6831449
------------------------------------------------------------------------------

                                                         Number of obs = 9,782
------------------------------------------------------------------------------
mm_nonviol~t | Coefficient  Std. err.      z    P>|z|     [95% conf. interval]
-------------+----------------------------------------------------------------
        tau0 |   .2462226   .3911831     0.63   0.529    -.5204821    1.012927
        tau1 |   .0464768   .2964231     0.16   0.875    -.5345019    .6274554
        pre1 |   .1169128   .3481183     0.34   0.737    -.5653866    .7992122
        pre2 |          0  (omitted)
------------------------------------------------------------------------------
--- SA: mm_nonviolent [na] ---
(obs=565)

IW estimates for dynamic effects                        Number of obs =  9,895
Absorbing 2 HDFE groups                                 F(3, 21)      =   0.38
                                                        Prob > F      = 0.7689
                                                        R-squared     = 0.6629
                                                        Adj R-squared = 0.5783
                                                        Root MSE      = 1.3901
                            (Std. err. adjusted for 22 clusters in country_id)
------------------------------------------------------------------------------
             |               Robust
mm_nonviol~t | Coefficient  std. err.      t    P>|t|     [95% conf. interval]
-------------+----------------------------------------------------------------
       ev_l2 |  -.0346228   .4071736    -0.09   0.933    -.8813867    .8121411
       ev_g0 |   .2700562   .2720454     0.99   0.332    -.2956933    .8358056
       ev_g1 |   .0703104   .1195549     0.59   0.563    -.1783176    .3189383
------------------------------------------------------------------------------
Number of observations (_N) was 0, now 4.
(2 real changes made)
(4 missing values generated)
(4 missing values generated)
(1 real change made)
(1 real change made)
(1 real change made)
(1 real change made)
(1 real change made)
(1 real change made)
(1 real change made)
(1 real change made)
(4 missing values generated)
(4 missing values generated)
(1 real change made)
(1 real change made)
(1 real change made)
(1 real change made)
(1 real change made)
(1 real change made)
(1 real change made)
(1 real change made)
(4 missing values generated)
(4 missing values generated)
(1 real change made)
(1 real change made)
(1 real change made)
(1 real change made)
(1 real change made)
(1 real change made)
(1 real change made)
(1 real change made)
(4 missing values generated)
(4 missing values generated)
(1 real change made)
(1 real change made)
(1 real change made)
(1 real change made)
(1 real change made)
(1 real change made)
(1 real change made)
(1 real change made)
file
    C:\Users\rob98/Dropbox/Corrupcion/protest_repo/paper/figures/did_modern_s
    > tk_es_mm_nonviolent_na_w30.pdf saved as PDF format
(dataset contains 0 observations)
(file C:\Users\rob98\AppData\Local\Temp\ST_457c_00000q.tmp not found)
file C:\Users\rob98\AppData\Local\Temp\ST_457c_00000q.tmp saved as .dta
    format
(6,380 observations deleted)
(63 observations deleted)
file C:\Users\rob98\AppData\Local\Temp\ST_457c_00000q.tmp saved as .dta
    format
(6,380 observations deleted)
(72 observations deleted)
file C:\Users\rob98\AppData\Local\Temp\ST_457c_00000q.tmp saved as .dta
    format
(6,380 observations deleted)
(72 observations deleted)
file C:\Users\rob98\AppData\Local\Temp\ST_457c_00000q.tmp saved as .dta
    format
(6,380 observations deleted)
(72 observations deleted)
file C:\Users\rob98\AppData\Local\Temp\ST_457c_00000q.tmp saved as .dta
    format
(6,380 observations deleted)
(0 observations deleted)
file C:\Users\rob98\AppData\Local\Temp\ST_457c_00000q.tmp saved as .dta
    format
(6,380 observations deleted)
(45 observations deleted)
file C:\Users\rob98\AppData\Local\Temp\ST_457c_00000q.tmp saved as .dta
    format
(6,380 observations deleted)
(45 observations deleted)
file C:\Users\rob98\AppData\Local\Temp\ST_457c_00000q.tmp saved as .dta
    format
(6,380 observations deleted)
(72 observations deleted)
file C:\Users\rob98\AppData\Local\Temp\ST_457c_00000q.tmp saved as .dta
    format
(6,380 observations deleted)
(72 observations deleted)
file C:\Users\rob98\AppData\Local\Temp\ST_457c_00000q.tmp saved as .dta
    format
(6,380 observations deleted)
(72 observations deleted)
file C:\Users\rob98\AppData\Local\Temp\ST_457c_00000q.tmp saved as .dta
    format
(6,380 observations deleted)
(72 observations deleted)
file C:\Users\rob98\AppData\Local\Temp\ST_457c_00000q.tmp saved as .dta
    format
(6,380 observations deleted)
(63 observations deleted)
file C:\Users\rob98\AppData\Local\Temp\ST_457c_00000q.tmp saved as .dta
    format
(6,380 observations deleted)
(81 observations deleted)
file C:\Users\rob98\AppData\Local\Temp\ST_457c_00000q.tmp saved as .dta
    format
(6,380 observations deleted)
(81 observations deleted)
file C:\Users\rob98\AppData\Local\Temp\ST_457c_00000q.tmp saved as .dta
    format
(6,380 observations deleted)
(81 observations deleted)
file C:\Users\rob98\AppData\Local\Temp\ST_457c_00000q.tmp saved as .dta
    format
(6,380 observations deleted)
(81 observations deleted)
file C:\Users\rob98\AppData\Local\Temp\ST_457c_00000q.tmp saved as .dta
    format
(6,380 observations deleted)
(18 observations deleted)
file C:\Users\rob98\AppData\Local\Temp\ST_457c_00000q.tmp saved as .dta
    format
(6,380 observations deleted)
(81 observations deleted)
file C:\Users\rob98\AppData\Local\Temp\ST_457c_00000q.tmp saved as .dta
    format
(6,380 observations deleted)
(72 observations deleted)
file C:\Users\rob98\AppData\Local\Temp\ST_457c_00000q.tmp saved as .dta
    format
(6,380 observations deleted)
(72 observations deleted)
file C:\Users\rob98\AppData\Local\Temp\ST_457c_00000q.tmp saved as .dta
    format
(6,380 observations deleted)
(72 observations deleted)
file C:\Users\rob98\AppData\Local\Temp\ST_457c_00000q.tmp saved as .dta
    format
(6,380 observations deleted)
(72 observations deleted)
file C:\Users\rob98\AppData\Local\Temp\ST_457c_00000q.tmp saved as .dta
    format
(6,380 observations deleted)
(81 observations deleted)
file C:\Users\rob98\AppData\Local\Temp\ST_457c_00000q.tmp saved as .dta
    format
(6,380 observations deleted)
(36 observations deleted)
file C:\Users\rob98\AppData\Local\Temp\ST_457c_00000q.tmp saved as .dta
    format
(6,380 observations deleted)
(72 observations deleted)
file C:\Users\rob98\AppData\Local\Temp\ST_457c_00000q.tmp saved as .dta
    format
(6,380 observations deleted)
(54 observations deleted)
file C:\Users\rob98\AppData\Local\Temp\ST_457c_00000q.tmp saved as .dta
    format
(6,380 observations deleted)
(54 observations deleted)
file C:\Users\rob98\AppData\Local\Temp\ST_457c_00000q.tmp saved as .dta
    format
(6,380 observations deleted)
(18 observations deleted)
file C:\Users\rob98\AppData\Local\Temp\ST_457c_00000q.tmp saved as .dta
    format
(6,380 observations deleted)
(9 observations deleted)
file C:\Users\rob98\AppData\Local\Temp\ST_457c_00000q.tmp saved as .dta
    format
(6,380 observations deleted)
(18 observations deleted)
file C:\Users\rob98\AppData\Local\Temp\ST_457c_00000q.tmp saved as .dta
    format
(6,380 observations deleted)
(27 observations deleted)
file C:\Users\rob98\AppData\Local\Temp\ST_457c_00000q.tmp saved as .dta
    format
(6,380 observations deleted)
(27 observations deleted)
file C:\Users\rob98\AppData\Local\Temp\ST_457c_00000q.tmp saved as .dta
    format
(6,380 observations deleted)
(45 observations deleted)
file C:\Users\rob98\AppData\Local\Temp\ST_457c_00000q.tmp saved as .dta
    format
(6,380 observations deleted)
(0 observations deleted)
file C:\Users\rob98\AppData\Local\Temp\ST_457c_00000q.tmp saved as .dta
    format
(6,380 observations deleted)
(36 observations deleted)
file C:\Users\rob98\AppData\Local\Temp\ST_457c_00000q.tmp saved as .dta
    format
(6,380 observations deleted)
(18 observations deleted)
file C:\Users\rob98\AppData\Local\Temp\ST_457c_00000q.tmp saved as .dta
    format
(6,380 observations deleted)
(72 observations deleted)
file C:\Users\rob98\AppData\Local\Temp\ST_457c_00000q.tmp saved as .dta
    format
(6,380 observations deleted)
(72 observations deleted)
file C:\Users\rob98\AppData\Local\Temp\ST_457c_00000q.tmp saved as .dta
    format
(6,380 observations deleted)
(72 observations deleted)
file C:\Users\rob98\AppData\Local\Temp\ST_457c_00000q.tmp saved as .dta
    format
(6,380 observations deleted)
(72 observations deleted)
file C:\Users\rob98\AppData\Local\Temp\ST_457c_00000q.tmp saved as .dta
    format
(6,380 observations deleted)
(81 observations deleted)
file C:\Users\rob98\AppData\Local\Temp\ST_457c_00000q.tmp saved as .dta
    format
(6,380 observations deleted)
(27 observations deleted)
file C:\Users\rob98\AppData\Local\Temp\ST_457c_00000q.tmp saved as .dta
    format
(6,380 observations deleted)
(45 observations deleted)
file C:\Users\rob98\AppData\Local\Temp\ST_457c_00000q.tmp saved as .dta
    format
(6,380 observations deleted)
(45 observations deleted)
file C:\Users\rob98\AppData\Local\Temp\ST_457c_00000q.tmp saved as .dta
    format
(6,380 observations deleted)
(54 observations deleted)
file C:\Users\rob98\AppData\Local\Temp\ST_457c_00000q.tmp saved as .dta
    format
(6,380 observations deleted)
(45 observations deleted)
file C:\Users\rob98\AppData\Local\Temp\ST_457c_00000q.tmp saved as .dta
    format
(6,380 observations deleted)
(36 observations deleted)
file C:\Users\rob98\AppData\Local\Temp\ST_457c_00000q.tmp saved as .dta
    format
(6,380 observations deleted)
(72 observations deleted)
file C:\Users\rob98\AppData\Local\Temp\ST_457c_00000q.tmp saved as .dta
    format
(6,380 observations deleted)
(72 observations deleted)
file C:\Users\rob98\AppData\Local\Temp\ST_457c_00000q.tmp saved as .dta
    format
(6,380 observations deleted)
(72 observations deleted)
file C:\Users\rob98\AppData\Local\Temp\ST_457c_00000q.tmp saved as .dta
    format
(6,380 observations deleted)
(54 observations deleted)
file C:\Users\rob98\AppData\Local\Temp\ST_457c_00000q.tmp saved as .dta
    format
(6,380 observations deleted)
(72 observations deleted)
file C:\Users\rob98\AppData\Local\Temp\ST_457c_00000q.tmp saved as .dta
    format
(6,380 observations deleted)
(0 observations deleted)
file C:\Users\rob98\AppData\Local\Temp\ST_457c_00000q.tmp saved as .dta
    format
(6,380 observations deleted)
(72 observations deleted)
file C:\Users\rob98\AppData\Local\Temp\ST_457c_00000q.tmp saved as .dta
    format
(6,380 observations deleted)
(72 observations deleted)
file C:\Users\rob98\AppData\Local\Temp\ST_457c_00000q.tmp saved as .dta
    format
(6,380 observations deleted)
(9 observations deleted)
file C:\Users\rob98\AppData\Local\Temp\ST_457c_00000q.tmp saved as .dta
    format
(6,380 observations deleted)
(9 observations deleted)
file C:\Users\rob98\AppData\Local\Temp\ST_457c_00000q.tmp saved as .dta
    format
(6,380 observations deleted)
(54 observations deleted)
file C:\Users\rob98\AppData\Local\Temp\ST_457c_00000q.tmp saved as .dta
    format
(6,380 observations deleted)
(54 observations deleted)
file C:\Users\rob98\AppData\Local\Temp\ST_457c_00000q.tmp saved as .dta
    format
(6,380 observations deleted)
(18 observations deleted)
file C:\Users\rob98\AppData\Local\Temp\ST_457c_00000q.tmp saved as .dta
    format
(6,380 observations deleted)
(27 observations deleted)
file C:\Users\rob98\AppData\Local\Temp\ST_457c_00000q.tmp saved as .dta
    format
(6,380 observations deleted)
(45 observations deleted)
file C:\Users\rob98\AppData\Local\Temp\ST_457c_00000q.tmp saved as .dta
    format
(6,380 observations deleted)
(36 observations deleted)
file C:\Users\rob98\AppData\Local\Temp\ST_457c_00000q.tmp saved as .dta
    format
(6,380 observations deleted)
(45 observations deleted)
file C:\Users\rob98\AppData\Local\Temp\ST_457c_00000q.tmp saved as .dta
    format
(6,380 observations deleted)
(72 observations deleted)
file C:\Users\rob98\AppData\Local\Temp\ST_457c_00000q.tmp saved as .dta
    format
(6,380 observations deleted)
(36 observations deleted)
file C:\Users\rob98\AppData\Local\Temp\ST_457c_00000q.tmp saved as .dta
    format
(6,380 observations deleted)
(27 observations deleted)
file C:\Users\rob98\AppData\Local\Temp\ST_457c_00000q.tmp saved as .dta
    format
(6,380 observations deleted)
(63 observations deleted)
file C:\Users\rob98\AppData\Local\Temp\ST_457c_00000q.tmp saved as .dta
    format
(6,380 observations deleted)
(45 observations deleted)
file C:\Users\rob98\AppData\Local\Temp\ST_457c_00000q.tmp saved as .dta
    format
(6,380 observations deleted)
(0 observations deleted)
file C:\Users\rob98\AppData\Local\Temp\ST_457c_00000q.tmp saved as .dta
    format
(6,380 observations deleted)
(36 observations deleted)
file C:\Users\rob98\AppData\Local\Temp\ST_457c_00000q.tmp saved as .dta
    format
(6,380 observations deleted)
(18 observations deleted)
file C:\Users\rob98\AppData\Local\Temp\ST_457c_00000q.tmp saved as .dta
    format
(6,380 observations deleted)
(36 observations deleted)
file C:\Users\rob98\AppData\Local\Temp\ST_457c_00000q.tmp saved as .dta
    format
(6,380 observations deleted)
(81 observations deleted)
file C:\Users\rob98\AppData\Local\Temp\ST_457c_00000q.tmp saved as .dta
    format
(6,380 observations deleted)
(72 observations deleted)
file C:\Users\rob98\AppData\Local\Temp\ST_457c_00000q.tmp saved as .dta
    format
(6,380 observations deleted)
(36 observations deleted)
file C:\Users\rob98\AppData\Local\Temp\ST_457c_00000q.tmp saved as .dta
    format
(6,380 observations deleted)
(36 observations deleted)
file C:\Users\rob98\AppData\Local\Temp\ST_457c_00000q.tmp saved as .dta
    format
(6,380 observations deleted)
(18 observations deleted)
file C:\Users\rob98\AppData\Local\Temp\ST_457c_00000q.tmp saved as .dta
    format
(6,380 observations deleted)
(45 observations deleted)
file C:\Users\rob98\AppData\Local\Temp\ST_457c_00000q.tmp saved as .dta
    format
(6,380 observations deleted)
(36 observations deleted)
file C:\Users\rob98\AppData\Local\Temp\ST_457c_00000q.tmp saved as .dta
    format
(6,380 observations deleted)
(81 observations deleted)
file C:\Users\rob98\AppData\Local\Temp\ST_457c_00000q.tmp saved as .dta
    format
(6,380 observations deleted)
(81 observations deleted)
file C:\Users\rob98\AppData\Local\Temp\ST_457c_00000q.tmp saved as .dta
    format
(6,380 observations deleted)
(54 observations deleted)
file C:\Users\rob98\AppData\Local\Temp\ST_457c_00000q.tmp saved as .dta
    format
(6,380 observations deleted)
(9 observations deleted)
file C:\Users\rob98\AppData\Local\Temp\ST_457c_00000q.tmp saved as .dta
    format
(6,380 observations deleted)
(27 observations deleted)
file C:\Users\rob98\AppData\Local\Temp\ST_457c_00000q.tmp saved as .dta
    format
(6,380 observations deleted)
(45 observations deleted)
file C:\Users\rob98\AppData\Local\Temp\ST_457c_00000q.tmp saved as .dta
    format
(6,380 observations deleted)
(72 observations deleted)
file C:\Users\rob98\AppData\Local\Temp\ST_457c_00000q.tmp saved as .dta
    format
(6,380 observations deleted)
(54 observations deleted)
file C:\Users\rob98\AppData\Local\Temp\ST_457c_00000q.tmp saved as .dta
    format
(6,380 observations deleted)
(81 observations deleted)
file C:\Users\rob98\AppData\Local\Temp\ST_457c_00000q.tmp saved as .dta
    format
(6,380 observations deleted)
(18 observations deleted)
file C:\Users\rob98\AppData\Local\Temp\ST_457c_00000q.tmp saved as .dta
    format
(6,380 observations deleted)
(72 observations deleted)
file C:\Users\rob98\AppData\Local\Temp\ST_457c_00000q.tmp saved as .dta
    format
(6,380 observations deleted)
(27 observations deleted)
file C:\Users\rob98\AppData\Local\Temp\ST_457c_00000q.tmp saved as .dta
    format
(6,380 observations deleted)
(45 observations deleted)
file C:\Users\rob98\AppData\Local\Temp\ST_457c_00000q.tmp saved as .dta
    format
(6,380 observations deleted)
(45 observations deleted)
file C:\Users\rob98\AppData\Local\Temp\ST_457c_00000q.tmp saved as .dta
    format
(6,380 observations deleted)
(81 observations deleted)
file C:\Users\rob98\AppData\Local\Temp\ST_457c_00000q.tmp saved as .dta
    format
(6,380 observations deleted)
(81 observations deleted)
file C:\Users\rob98\AppData\Local\Temp\ST_457c_00000q.tmp saved as .dta
    format
(6,380 observations deleted)
(54 observations deleted)
file C:\Users\rob98\AppData\Local\Temp\ST_457c_00000q.tmp saved as .dta
    format
(6,380 observations deleted)
(54 observations deleted)
file C:\Users\rob98\AppData\Local\Temp\ST_457c_00000q.tmp saved as .dta
    format
(6,380 observations deleted)
(81 observations deleted)
file C:\Users\rob98\AppData\Local\Temp\ST_457c_00000q.tmp saved as .dta
    format
(6,380 observations deleted)
(81 observations deleted)
file C:\Users\rob98\AppData\Local\Temp\ST_457c_00000q.tmp saved as .dta
    format
(6,380 observations deleted)
(81 observations deleted)
file C:\Users\rob98\AppData\Local\Temp\ST_457c_00000q.tmp saved as .dta
    format
(6,380 observations deleted)
(54 observations deleted)
file C:\Users\rob98\AppData\Local\Temp\ST_457c_00000q.tmp saved as .dta
    format
(6,380 observations deleted)
(72 observations deleted)
file C:\Users\rob98\AppData\Local\Temp\ST_457c_00000q.tmp saved as .dta
    format
(6,380 observations deleted)
(63 observations deleted)
file C:\Users\rob98\AppData\Local\Temp\ST_457c_00000q.tmp saved as .dta
    format
(6,380 observations deleted)
(45 observations deleted)
file C:\Users\rob98\AppData\Local\Temp\ST_457c_00000q.tmp saved as .dta
    format
(6,380 observations deleted)
(45 observations deleted)
file C:\Users\rob98\AppData\Local\Temp\ST_457c_00000q.tmp saved as .dta
    format
(6,380 observations deleted)
(45 observations deleted)
file C:\Users\rob98\AppData\Local\Temp\ST_457c_00000q.tmp saved as .dta
    format
(6,380 observations deleted)
(72 observations deleted)
file C:\Users\rob98\AppData\Local\Temp\ST_457c_00000q.tmp saved as .dta
    format
(6,380 observations deleted)
(90 observations deleted)
file C:\Users\rob98\AppData\Local\Temp\ST_457c_00000q.tmp saved as .dta
    format
(6,380 observations deleted)
(72 observations deleted)
file C:\Users\rob98\AppData\Local\Temp\ST_457c_00000q.tmp saved as .dta
    format
(6,380 observations deleted)
(72 observations deleted)
file C:\Users\rob98\AppData\Local\Temp\ST_457c_00000q.tmp saved as .dta
    format
(6,380 observations deleted)
(27 observations deleted)
file C:\Users\rob98\AppData\Local\Temp\ST_457c_00000q.tmp saved as .dta
    format
(6,380 observations deleted)
(63 observations deleted)
file C:\Users\rob98\AppData\Local\Temp\ST_457c_00000q.tmp saved as .dta
    format
(15,426 missing values generated)
=== Stacked country x 15-day-bin panel [na] ===
  16,443
Stacks (scandals): 113
file C:\Users\rob98\AppData\Local\Temp\ST_457c_00000r.tmp saved as .dta
    format
--- OLS: mm_violent [na] ---
(MWFE estimator converged in 2 iterations)

HDFE Linear regression                            Number of obs   =     16,443
Absorbing 2 HDFE groups                           F(   1,     21) =       0.45
Statistics robust to heteroskedasticity           Prob > F        =     0.5117
                                                  R-squared       =     0.7199
                                                  Adj R-squared   =     0.6847
                                                  Within R-sq.    =     0.0001
Number of clusters (country_id) =         22      Root MSE        =     0.9122

                            (Std. err. adjusted for 22 clusters in country_id)
------------------------------------------------------------------------------
             |               Robust
  mm_violent | Coefficient  std. err.      t    P>|t|     [95% conf. interval]
-------------+----------------------------------------------------------------
           D |   .0769948    .115332     0.67   0.512    -.1628513    .3168409
       _cons |   .2012709   .0039629    50.79   0.000     .1930296    .2095123
------------------------------------------------------------------------------

Absorbed degrees of freedom:
-----------------------------------------------------+
 Absorbed FE | Categories  - Redundant  = Num. Coefs |
-------------+---------------------------------------|
     unit_id |      1827        1827           0    *|
       etime |         9           1           8     |
-----------------------------------------------------+
* = FE nested within cluster; treated as redundant for DoF computation
--- dCDH: mm_violent [na] ---


-------------------------------------------------------------------------------
> -
             Estimation of treatment effects: Event-study effects
-------------------------------------------------------------------------------
> -

             |  Estimate         SE      LB CI      UB CI          N 
-------------+-------------------------------------------------------
    Effect_1 | -.0491114   .1062209  -.2573007   .1590778       1827 
    Effect_2 | -.1732995    .174952  -.5161992   .1696001       1827 
    Effect_3 | -.2199791   .1517623  -.5174278   .0774695       1827 
    Effect_4 | -.0439587   .1757805  -.3884821   .3005647       1827 

             | Switchers 
-------------+----------
    Effect_1 |       113 
    Effect_2 |       113 
    Effect_3 |       113 
    Effect_4 |       113 
-------------------------------------------------------------------------------
> -
Test of joint nullity of the effects : p-value = .33830129


-------------------------------------------------------------------------------
> -
               Average cumulative (total) effect per treatment unit
-------------------------------------------------------------------------------
> -

             |  Estimate         SE      LB CI      UB CI          N 
-------------+-------------------------------------------------------
  Av_tot_eff | -.1215872   .1268276  -.3701648   .1269904       7308 

             |    Switch  x Periods 
-------------+---------------------
  Av_tot_eff |       452            
-------------------------------------------------------------------------------
> -
Average number of time periods over which a treatment's effect is accumulated =
>  2.5


-------------------------------------------------------------------------------
> -
          Testing the parallel trends and no anticipation assumptions
-------------------------------------------------------------------------------
> -

             |  Estimate         SE      LB CI      UB CI          N 
-------------+-------------------------------------------------------
   Placebo_1 | -.1589977   .1597656  -.4721326   .1541371       1827 
   Placebo_2 | -.1974164   .1544344  -.5001022   .1052694       1827 
   Placebo_3 | -.2456553    .166988  -.5729458   .0816353       1827 

             | Switchers 
-------------+----------
   Placebo_1 |       113 
   Placebo_2 |       113 
   Placebo_3 |       113 
-------------------------------------------------------------------------------
> -
Test of joint nullity of the placebos : p-value = .48149121


The development of this package was funded by the European Union (ERC, REALLYCR
> EDIBLE,GA N°101043899).
--- BJS: mm_violent [na] ---

                                                        Number of obs = 16,443
------------------------------------------------------------------------------
  mm_violent | Coefficient  Std. err.      z    P>|z|     [95% conf. interval]
-------------+----------------------------------------------------------------
         tau |   .0769948   .1121287     0.69   0.492    -.1427735     .296763
------------------------------------------------------------------------------

                                                        Number of obs = 16,330
------------------------------------------------------------------------------
  mm_violent | Coefficient  Std. err.      z    P>|z|     [95% conf. interval]
-------------+----------------------------------------------------------------
        tau0 |   .1014059   .1536545     0.66   0.509    -.1997514    .4025632
        tau1 |  -.0227822   .1095479    -0.21   0.835    -.2374922    .1919278
        tau2 |  -.0694618   .0760334    -0.91   0.361    -.2184846    .0795609
        tau3 |   .1065587   .1691821     0.63   0.529    -.2250321    .4381495
        pre1 |   .2456552   .1656994     1.48   0.138    -.0791096    .5704201
        pre2 |   .0866575   .1495748     0.58   0.562    -.2065037    .3798187
        pre3 |   .0482389    .082338     0.59   0.558    -.1131407    .2096184
        pre4 |          0  (omitted)
------------------------------------------------------------------------------
--- SA: mm_violent [na] ---
(obs=1,017)

IW estimates for dynamic effects                        Number of obs = 16,443
Absorbing 2 HDFE groups                                 F(7, 21)      =   1.01
                                                        Prob > F      = 0.4543
                                                        R-squared     = 0.7201
                                                        Adj R-squared = 0.6848
                                                        Root MSE      = 0.9120
                            (Std. err. adjusted for 22 clusters in country_id)
------------------------------------------------------------------------------
             |               Robust
  mm_violent | Coefficient  std. err.      t    P>|t|     [95% conf. interval]
-------------+----------------------------------------------------------------
       ev_l4 |  -.3050232    .137951    -2.21   0.038    -.5919079   -.0181385
       ev_l3 |  -.2567843   .1509976    -1.70   0.104    -.5708011    .0572325
       ev_l2 |  -.2183657   .1862736    -1.17   0.254    -.6057427    .1690114
       ev_g0 |  -.1084794   .1114266    -0.97   0.341    -.3402037     .123245
       ev_g1 |  -.2326675    .142222    -1.64   0.117    -.5284344    .0630995
       ev_g2 |  -.2793471   .1237278    -2.26   0.035    -.5366531   -.0220411
       ev_g3 |  -.1033266   .1169672    -0.88   0.387    -.3465732      .13992
------------------------------------------------------------------------------
Number of observations (_N) was 0, now 8.
(4 real changes made)
(8 missing values generated)
(8 missing values generated)
(1 real change made)
(1 real change made)
(1 real change made)
(1 real change made)
(1 real change made)
(1 real change made)
(1 real change made)
(1 real change made)
(1 real change made)
(1 real change made)
(1 real change made)
(1 real change made)
(1 real change made)
(1 real change made)
(1 real change made)
(1 real change made)
(8 missing values generated)
(8 missing values generated)
(1 real change made)
(1 real change made)
(1 real change made)
(1 real change made)
(1 real change made)
(1 real change made)
(1 real change made)
(1 real change made)
(1 real change made)
(1 real change made)
(1 real change made)
(1 real change made)
(1 real change made)
(1 real change made)
(1 real change made)
(1 real change made)
(8 missing values generated)
(8 missing values generated)
(1 real change made)
(1 real change made)
(1 real change made)
(1 real change made)
(1 real change made)
(1 real change made)
(1 real change made)
(1 real change made)
(1 real change made)
(1 real change made)
(1 real change made)
(1 real change made)
(1 real change made)
(1 real change made)
(1 real change made)
(1 real change made)
(8 missing values generated)
(8 missing values generated)
(1 real change made)
(1 real change made)
(1 real change made)
(1 real change made)
(1 real change made)
(1 real change made)
(1 real change made)
(1 real change made)
(1 real change made)
(1 real change made)
(1 real change made)
(1 real change made)
(1 real change made)
(1 real change made)
(1 real change made)
(1 real change made)
file
    C:\Users\rob98/Dropbox/Corrupcion/protest_repo/paper/figures/did_modern_s
    > tk_es_mm_violent_na_w60.pdf saved as PDF format
--- OLS: mm_nonviolent [na] ---
(MWFE estimator converged in 2 iterations)

HDFE Linear regression                            Number of obs   =     16,443
Absorbing 2 HDFE groups                           F(   1,     21) =       0.02
Statistics robust to heteroskedasticity           Prob > F        =     0.8951
                                                  R-squared       =     0.5394
                                                  Adj R-squared   =     0.4815
                                                  Within R-sq.    =     0.0000
Number of clusters (country_id) =         22      Root MSE        =     1.5952

                            (Std. err. adjusted for 22 clusters in country_id)
------------------------------------------------------------------------------
             |               Robust
mm_nonviol~t | Coefficient  std. err.      t    P>|t|     [95% conf. interval]
-------------+----------------------------------------------------------------
           D |  -.0481341   .3606342    -0.13   0.895    -.7981138    .7018457
       _cons |   .4414764   .0123918    35.63   0.000     .4157062    .4672465
------------------------------------------------------------------------------

Absorbed degrees of freedom:
-----------------------------------------------------+
 Absorbed FE | Categories  - Redundant  = Num. Coefs |
-------------+---------------------------------------|
     unit_id |      1827        1827           0    *|
       etime |         9           1           8     |
-----------------------------------------------------+
* = FE nested within cluster; treated as redundant for DoF computation
--- dCDH: mm_nonviolent [na] ---


-------------------------------------------------------------------------------
> -
             Estimation of treatment effects: Event-study effects
-------------------------------------------------------------------------------
> -

             |  Estimate         SE      LB CI      UB CI          N 
-------------+-------------------------------------------------------
    Effect_1 |  .1795262   .2487794  -.3080723   .6671248       1827 
    Effect_2 | -.0216747   .1998234  -.4133214    .369972       1827 
    Effect_3 | -.1950672    .312256  -.8070777   .4169433       1827 
    Effect_4 | -.2570141   .3367792  -.9170891    .403061       1827 

             | Switchers 
-------------+----------
    Effect_1 |       113 
    Effect_2 |       113 
    Effect_3 |       113 
    Effect_4 |       113 
-------------------------------------------------------------------------------
> -
Test of joint nullity of the effects : p-value = .8743692


-------------------------------------------------------------------------------
> -
               Average cumulative (total) effect per treatment unit
-------------------------------------------------------------------------------
> -

             |  Estimate         SE      LB CI      UB CI          N 
-------------+-------------------------------------------------------
  Av_tot_eff | -.0735574   .2129018  -.4908374   .3437225       7308 

             |    Switch  x Periods 
-------------+---------------------
  Av_tot_eff |       452            
-------------------------------------------------------------------------------
> -
Average number of time periods over which a treatment's effect is accumulated =
>  2.5


-------------------------------------------------------------------------------
> -
          Testing the parallel trends and no anticipation assumptions
-------------------------------------------------------------------------------
> -

             |  Estimate         SE      LB CI      UB CI          N 
-------------+-------------------------------------------------------
   Placebo_1 | -.1312822   .3485564  -.8144401   .5518757       1827 
   Placebo_2 | -.0757479   .2948744  -.6536912   .5021954       1827 
   Placebo_3 | -.1990479   .3921313  -.9676111   .5695153       1827 

             | Switchers 
-------------+----------
   Placebo_1 |       113 
   Placebo_2 |       113 
   Placebo_3 |       113 
-------------------------------------------------------------------------------
> -
Test of joint nullity of the placebos : p-value = .9540268


The development of this package was funded by the European Union (ERC, REALLYCR
> EDIBLE,GA N°101043899).
--- BJS: mm_nonviolent [na] ---

                                                        Number of obs = 16,443
------------------------------------------------------------------------------
mm_nonviol~t | Coefficient  Std. err.      z    P>|z|     [95% conf. interval]
-------------+----------------------------------------------------------------
         tau |  -.0481339   .3495565    -0.14   0.890    -.7332521    .6369842
------------------------------------------------------------------------------

                                                        Number of obs = 16,330
------------------------------------------------------------------------------
mm_nonviol~t | Coefficient  Std. err.      z    P>|z|     [95% conf. interval]
-------------+----------------------------------------------------------------
        tau0 |   .2810459   .4290804     0.65   0.512    -.5599363    1.122028
        tau1 |   .0798449    .350553     0.23   0.820    -.6072264    .7669162
        tau2 |  -.0935475   .4040873    -0.23   0.817    -.8855441    .6984491
        tau3 |  -.1554944   .4405361    -0.35   0.724    -1.018929    .7079404
        pre1 |   .1990479   .3892587     0.51   0.609    -.5638852     .961981
        pre2 |   .0677657   .3536596     0.19   0.848    -.6253943    .7609258
        pre3 |      .1233   .3192263     0.39   0.699    -.5023721    .7489722
        pre4 |          0  (omitted)
------------------------------------------------------------------------------
--- SA: mm_nonviolent [na] ---
(obs=1,017)

IW estimates for dynamic effects                        Number of obs = 16,443
Absorbing 2 HDFE groups                                 F(7, 21)      =   0.42
                                                        Prob > F      = 0.8806
                                                        R-squared     = 0.5396
                                                        Adj R-squared = 0.4816
                                                        Root MSE      = 1.5952
                            (Std. err. adjusted for 22 clusters in country_id)
------------------------------------------------------------------------------
             |               Robust
mm_nonviol~t | Coefficient  std. err.      t    P>|t|     [95% conf. interval]
-------------+----------------------------------------------------------------
       ev_l4 |   .0279711   .3856862     0.07   0.943    -.7741072    .8300494
       ev_l3 |   .1512712   .3344902     0.45   0.656    -.5443393    .8468816
       ev_l2 |   .0957368   .3570256     0.27   0.791    -.6467385    .8382122
       ev_g0 |   .4065453    .347223     1.17   0.255    -.3155446    1.128635
       ev_g1 |   .2053443   .2207225     0.93   0.363    -.2536733    .6643619
       ev_g2 |   .0319519    .211038     0.15   0.881    -.4069258    .4708295
       ev_g3 |   -.029995   .2243327    -0.13   0.895    -.4965204    .4365303
------------------------------------------------------------------------------
Number of observations (_N) was 0, now 8.
(4 real changes made)
(8 missing values generated)
(8 missing values generated)
(1 real change made)
(1 real change made)
(1 real change made)
(1 real change made)
(1 real change made)
(1 real change made)
(1 real change made)
(1 real change made)
(1 real change made)
(1 real change made)
(1 real change made)
(1 real change made)
(1 real change made)
(1 real change made)
(1 real change made)
(1 real change made)
(8 missing values generated)
(8 missing values generated)
(1 real change made)
(1 real change made)
(1 real change made)
(1 real change made)
(1 real change made)
(1 real change made)
(1 real change made)
(1 real change made)
(1 real change made)
(1 real change made)
(1 real change made)
(1 real change made)
(1 real change made)
(1 real change made)
(1 real change made)
(1 real change made)
(8 missing values generated)
(8 missing values generated)
(1 real change made)
(1 real change made)
(1 real change made)
(1 real change made)
(1 real change made)
(1 real change made)
(1 real change made)
(1 real change made)
(1 real change made)
(1 real change made)
(1 real change made)
(1 real change made)
(1 real change made)
(1 real change made)
(1 real change made)
(1 real change made)
(8 missing values generated)
(8 missing values generated)
(1 real change made)
(1 real change made)
(1 real change made)
(1 real change made)
(1 real change made)
(1 real change made)
(1 real change made)
(1 real change made)
(1 real change made)
(1 real change made)
(1 real change made)
(1 real change made)
(1 real change made)
(1 real change made)
(1 real change made)
(1 real change made)
file
    C:\Users\rob98/Dropbox/Corrupcion/protest_repo/paper/figures/did_modern_s
    > tk_es_mm_nonviolent_na_w60.pdf saved as PDF format
(dataset contains 0 observations)
(file C:\Users\rob98\AppData\Local\Temp\ST_457c_00000u.tmp not found)
file C:\Users\rob98\AppData\Local\Temp\ST_457c_00000u.tmp saved as .dta
    format
(6,292 observations deleted)
(130 observations deleted)
file C:\Users\rob98\AppData\Local\Temp\ST_457c_00000u.tmp saved as .dta
    format
(6,292 observations deleted)
(104 observations deleted)
file C:\Users\rob98\AppData\Local\Temp\ST_457c_00000u.tmp saved as .dta
    format
(6,292 observations deleted)
(117 observations deleted)
file C:\Users\rob98\AppData\Local\Temp\ST_457c_00000u.tmp saved as .dta
    format
(6,292 observations deleted)
(104 observations deleted)
file C:\Users\rob98\AppData\Local\Temp\ST_457c_00000u.tmp saved as .dta
    format
(6,292 observations deleted)
(0 observations deleted)
file C:\Users\rob98\AppData\Local\Temp\ST_457c_00000u.tmp saved as .dta
    format
(6,292 observations deleted)
(78 observations deleted)
file C:\Users\rob98\AppData\Local\Temp\ST_457c_00000u.tmp saved as .dta
    format
(6,292 observations deleted)
(78 observations deleted)
file C:\Users\rob98\AppData\Local\Temp\ST_457c_00000u.tmp saved as .dta
    format
(6,292 observations deleted)
(130 observations deleted)
file C:\Users\rob98\AppData\Local\Temp\ST_457c_00000u.tmp saved as .dta
    format
(6,292 observations deleted)
(130 observations deleted)
file C:\Users\rob98\AppData\Local\Temp\ST_457c_00000u.tmp saved as .dta
    format
(6,292 observations deleted)
(130 observations deleted)
file C:\Users\rob98\AppData\Local\Temp\ST_457c_00000u.tmp saved as .dta
    format
(6,292 observations deleted)
(104 observations deleted)
file C:\Users\rob98\AppData\Local\Temp\ST_457c_00000u.tmp saved as .dta
    format
(6,292 observations deleted)
(130 observations deleted)
file C:\Users\rob98\AppData\Local\Temp\ST_457c_00000u.tmp saved as .dta
    format
(6,292 observations deleted)
(130 observations deleted)
file C:\Users\rob98\AppData\Local\Temp\ST_457c_00000u.tmp saved as .dta
    format
(6,292 observations deleted)
(117 observations deleted)
file C:\Users\rob98\AppData\Local\Temp\ST_457c_00000u.tmp saved as .dta
    format
(6,292 observations deleted)
(117 observations deleted)
file C:\Users\rob98\AppData\Local\Temp\ST_457c_00000u.tmp saved as .dta
    format
(6,292 observations deleted)
(117 observations deleted)
file C:\Users\rob98\AppData\Local\Temp\ST_457c_00000u.tmp saved as .dta
    format
(6,292 observations deleted)
(52 observations deleted)
file C:\Users\rob98\AppData\Local\Temp\ST_457c_00000u.tmp saved as .dta
    format
(6,292 observations deleted)
(117 observations deleted)
file C:\Users\rob98\AppData\Local\Temp\ST_457c_00000u.tmp saved as .dta
    format
(6,292 observations deleted)
(117 observations deleted)
file C:\Users\rob98\AppData\Local\Temp\ST_457c_00000u.tmp saved as .dta
    format
(6,292 observations deleted)
(117 observations deleted)
file C:\Users\rob98\AppData\Local\Temp\ST_457c_00000u.tmp saved as .dta
    format
(6,292 observations deleted)
(117 observations deleted)
file C:\Users\rob98\AppData\Local\Temp\ST_457c_00000u.tmp saved as .dta
    format
(6,292 observations deleted)
(117 observations deleted)
file C:\Users\rob98\AppData\Local\Temp\ST_457c_00000u.tmp saved as .dta
    format
(6,292 observations deleted)
(117 observations deleted)
file C:\Users\rob98\AppData\Local\Temp\ST_457c_00000u.tmp saved as .dta
    format
(6,292 observations deleted)
(104 observations deleted)
file C:\Users\rob98\AppData\Local\Temp\ST_457c_00000u.tmp saved as .dta
    format
(6,292 observations deleted)
(117 observations deleted)
file C:\Users\rob98\AppData\Local\Temp\ST_457c_00000u.tmp saved as .dta
    format
(6,292 observations deleted)
(78 observations deleted)
file C:\Users\rob98\AppData\Local\Temp\ST_457c_00000u.tmp saved as .dta
    format
(6,292 observations deleted)
(78 observations deleted)
file C:\Users\rob98\AppData\Local\Temp\ST_457c_00000u.tmp saved as .dta
    format
(6,292 observations deleted)
(65 observations deleted)
file C:\Users\rob98\AppData\Local\Temp\ST_457c_00000u.tmp saved as .dta
    format
(6,292 observations deleted)
(13 observations deleted)
file C:\Users\rob98\AppData\Local\Temp\ST_457c_00000u.tmp saved as .dta
    format
(6,292 observations deleted)
(65 observations deleted)
file C:\Users\rob98\AppData\Local\Temp\ST_457c_00000u.tmp saved as .dta
    format
(6,292 observations deleted)
(39 observations deleted)
file C:\Users\rob98\AppData\Local\Temp\ST_457c_00000u.tmp saved as .dta
    format
(6,292 observations deleted)
(52 observations deleted)
file C:\Users\rob98\AppData\Local\Temp\ST_457c_00000u.tmp saved as .dta
    format
(6,292 observations deleted)
(65 observations deleted)
file C:\Users\rob98\AppData\Local\Temp\ST_457c_00000u.tmp saved as .dta
    format
(6,292 observations deleted)
(13 observations deleted)
file C:\Users\rob98\AppData\Local\Temp\ST_457c_00000u.tmp saved as .dta
    format
(6,292 observations deleted)
(52 observations deleted)
file C:\Users\rob98\AppData\Local\Temp\ST_457c_00000u.tmp saved as .dta
    format
(6,292 observations deleted)
(39 observations deleted)
file C:\Users\rob98\AppData\Local\Temp\ST_457c_00000u.tmp saved as .dta
    format
(6,292 observations deleted)
(117 observations deleted)
file C:\Users\rob98\AppData\Local\Temp\ST_457c_00000u.tmp saved as .dta
    format
(6,292 observations deleted)
(117 observations deleted)
file C:\Users\rob98\AppData\Local\Temp\ST_457c_00000u.tmp saved as .dta
    format
(6,292 observations deleted)
(117 observations deleted)
file C:\Users\rob98\AppData\Local\Temp\ST_457c_00000u.tmp saved as .dta
    format
(6,292 observations deleted)
(117 observations deleted)
file C:\Users\rob98\AppData\Local\Temp\ST_457c_00000u.tmp saved as .dta
    format
(6,292 observations deleted)
(130 observations deleted)
file C:\Users\rob98\AppData\Local\Temp\ST_457c_00000u.tmp saved as .dta
    format
(6,292 observations deleted)
(39 observations deleted)
file C:\Users\rob98\AppData\Local\Temp\ST_457c_00000u.tmp saved as .dta
    format
(6,292 observations deleted)
(91 observations deleted)
file C:\Users\rob98\AppData\Local\Temp\ST_457c_00000u.tmp saved as .dta
    format
(6,292 observations deleted)
(78 observations deleted)
file C:\Users\rob98\AppData\Local\Temp\ST_457c_00000u.tmp saved as .dta
    format
(6,292 observations deleted)
(78 observations deleted)
file C:\Users\rob98\AppData\Local\Temp\ST_457c_00000u.tmp saved as .dta
    format
(6,292 observations deleted)
(78 observations deleted)
file C:\Users\rob98\AppData\Local\Temp\ST_457c_00000u.tmp saved as .dta
    format
(6,292 observations deleted)
(91 observations deleted)
file C:\Users\rob98\AppData\Local\Temp\ST_457c_00000u.tmp saved as .dta
    format
(6,292 observations deleted)
(104 observations deleted)
file C:\Users\rob98\AppData\Local\Temp\ST_457c_00000u.tmp saved as .dta
    format
(6,292 observations deleted)
(117 observations deleted)
file C:\Users\rob98\AppData\Local\Temp\ST_457c_00000u.tmp saved as .dta
    format
(6,292 observations deleted)
(117 observations deleted)
file C:\Users\rob98\AppData\Local\Temp\ST_457c_00000u.tmp saved as .dta
    format
(6,292 observations deleted)
(130 observations deleted)
file C:\Users\rob98\AppData\Local\Temp\ST_457c_00000u.tmp saved as .dta
    format
(6,292 observations deleted)
(130 observations deleted)
file C:\Users\rob98\AppData\Local\Temp\ST_457c_00000u.tmp saved as .dta
    format
(6,292 observations deleted)
(0 observations deleted)
file C:\Users\rob98\AppData\Local\Temp\ST_457c_00000u.tmp saved as .dta
    format
(6,292 observations deleted)
(117 observations deleted)
file C:\Users\rob98\AppData\Local\Temp\ST_457c_00000u.tmp saved as .dta
    format
(6,292 observations deleted)
(117 observations deleted)
file C:\Users\rob98\AppData\Local\Temp\ST_457c_00000u.tmp saved as .dta
    format
(6,292 observations deleted)
(13 observations deleted)
file C:\Users\rob98\AppData\Local\Temp\ST_457c_00000u.tmp saved as .dta
    format
(6,292 observations deleted)
(13 observations deleted)
file C:\Users\rob98\AppData\Local\Temp\ST_457c_00000u.tmp saved as .dta
    format
(6,292 observations deleted)
(78 observations deleted)
file C:\Users\rob98\AppData\Local\Temp\ST_457c_00000u.tmp saved as .dta
    format
(6,292 observations deleted)
(78 observations deleted)
file C:\Users\rob98\AppData\Local\Temp\ST_457c_00000u.tmp saved as .dta
    format
(6,292 observations deleted)
(39 observations deleted)
file C:\Users\rob98\AppData\Local\Temp\ST_457c_00000u.tmp saved as .dta
    format
(6,292 observations deleted)
(39 observations deleted)
file C:\Users\rob98\AppData\Local\Temp\ST_457c_00000u.tmp saved as .dta
    format
(6,292 observations deleted)
(65 observations deleted)
file C:\Users\rob98\AppData\Local\Temp\ST_457c_00000u.tmp saved as .dta
    format
(6,292 observations deleted)
(65 observations deleted)
file C:\Users\rob98\AppData\Local\Temp\ST_457c_00000u.tmp saved as .dta
    format
(6,292 observations deleted)
(78 observations deleted)
file C:\Users\rob98\AppData\Local\Temp\ST_457c_00000u.tmp saved as .dta
    format
(6,292 observations deleted)
(117 observations deleted)
file C:\Users\rob98\AppData\Local\Temp\ST_457c_00000u.tmp saved as .dta
    format
(6,292 observations deleted)
(52 observations deleted)
file C:\Users\rob98\AppData\Local\Temp\ST_457c_00000u.tmp saved as .dta
    format
(6,292 observations deleted)
(39 observations deleted)
file C:\Users\rob98\AppData\Local\Temp\ST_457c_00000u.tmp saved as .dta
    format
(6,292 observations deleted)
(117 observations deleted)
file C:\Users\rob98\AppData\Local\Temp\ST_457c_00000u.tmp saved as .dta
    format
(6,292 observations deleted)
(91 observations deleted)
file C:\Users\rob98\AppData\Local\Temp\ST_457c_00000u.tmp saved as .dta
    format
(6,292 observations deleted)
(0 observations deleted)
file C:\Users\rob98\AppData\Local\Temp\ST_457c_00000u.tmp saved as .dta
    format
(6,292 observations deleted)
(65 observations deleted)
file C:\Users\rob98\AppData\Local\Temp\ST_457c_00000u.tmp saved as .dta
    format
(6,292 observations deleted)
(65 observations deleted)
file C:\Users\rob98\AppData\Local\Temp\ST_457c_00000u.tmp saved as .dta
    format
(6,292 observations deleted)
(65 observations deleted)
file C:\Users\rob98\AppData\Local\Temp\ST_457c_00000u.tmp saved as .dta
    format
(6,292 observations deleted)
(117 observations deleted)
file C:\Users\rob98\AppData\Local\Temp\ST_457c_00000u.tmp saved as .dta
    format
(6,292 observations deleted)
(117 observations deleted)
file C:\Users\rob98\AppData\Local\Temp\ST_457c_00000u.tmp saved as .dta
    format
(6,292 observations deleted)
(52 observations deleted)
file C:\Users\rob98\AppData\Local\Temp\ST_457c_00000u.tmp saved as .dta
    format
(6,292 observations deleted)
(52 observations deleted)
file C:\Users\rob98\AppData\Local\Temp\ST_457c_00000u.tmp saved as .dta
    format
(6,292 observations deleted)
(26 observations deleted)
file C:\Users\rob98\AppData\Local\Temp\ST_457c_00000u.tmp saved as .dta
    format
(6,292 observations deleted)
(104 observations deleted)
file C:\Users\rob98\AppData\Local\Temp\ST_457c_00000u.tmp saved as .dta
    format
(6,292 observations deleted)
(65 observations deleted)
file C:\Users\rob98\AppData\Local\Temp\ST_457c_00000u.tmp saved as .dta
    format
(6,292 observations deleted)
(117 observations deleted)
file C:\Users\rob98\AppData\Local\Temp\ST_457c_00000u.tmp saved as .dta
    format
(6,292 observations deleted)
(117 observations deleted)
file C:\Users\rob98\AppData\Local\Temp\ST_457c_00000u.tmp saved as .dta
    format
(6,292 observations deleted)
(78 observations deleted)
file C:\Users\rob98\AppData\Local\Temp\ST_457c_00000u.tmp saved as .dta
    format
(6,292 observations deleted)
(13 observations deleted)
file C:\Users\rob98\AppData\Local\Temp\ST_457c_00000u.tmp saved as .dta
    format
(6,292 observations deleted)
(52 observations deleted)
file C:\Users\rob98\AppData\Local\Temp\ST_457c_00000u.tmp saved as .dta
    format
(6,292 observations deleted)
(65 observations deleted)
file C:\Users\rob98\AppData\Local\Temp\ST_457c_00000u.tmp saved as .dta
    format
(6,292 observations deleted)
(104 observations deleted)
file C:\Users\rob98\AppData\Local\Temp\ST_457c_00000u.tmp saved as .dta
    format
(6,292 observations deleted)
(78 observations deleted)
file C:\Users\rob98\AppData\Local\Temp\ST_457c_00000u.tmp saved as .dta
    format
(6,292 observations deleted)
(130 observations deleted)
file C:\Users\rob98\AppData\Local\Temp\ST_457c_00000u.tmp saved as .dta
    format
(6,292 observations deleted)
(52 observations deleted)
file C:\Users\rob98\AppData\Local\Temp\ST_457c_00000u.tmp saved as .dta
    format
(6,292 observations deleted)
(117 observations deleted)
file C:\Users\rob98\AppData\Local\Temp\ST_457c_00000u.tmp saved as .dta
    format
(6,292 observations deleted)
(65 observations deleted)
file C:\Users\rob98\AppData\Local\Temp\ST_457c_00000u.tmp saved as .dta
    format
(6,292 observations deleted)
(117 observations deleted)
file C:\Users\rob98\AppData\Local\Temp\ST_457c_00000u.tmp saved as .dta
    format
(6,292 observations deleted)
(117 observations deleted)
file C:\Users\rob98\AppData\Local\Temp\ST_457c_00000u.tmp saved as .dta
    format
(6,292 observations deleted)
(130 observations deleted)
file C:\Users\rob98\AppData\Local\Temp\ST_457c_00000u.tmp saved as .dta
    format
(6,292 observations deleted)
(117 observations deleted)
file C:\Users\rob98\AppData\Local\Temp\ST_457c_00000u.tmp saved as .dta
    format
(6,292 observations deleted)
(78 observations deleted)
file C:\Users\rob98\AppData\Local\Temp\ST_457c_00000u.tmp saved as .dta
    format
(6,292 observations deleted)
(78 observations deleted)
file C:\Users\rob98\AppData\Local\Temp\ST_457c_00000u.tmp saved as .dta
    format
(6,292 observations deleted)
(117 observations deleted)
file C:\Users\rob98\AppData\Local\Temp\ST_457c_00000u.tmp saved as .dta
    format
(6,292 observations deleted)
(117 observations deleted)
file C:\Users\rob98\AppData\Local\Temp\ST_457c_00000u.tmp saved as .dta
    format
(6,292 observations deleted)
(130 observations deleted)
file C:\Users\rob98\AppData\Local\Temp\ST_457c_00000u.tmp saved as .dta
    format
(6,292 observations deleted)
(78 observations deleted)
file C:\Users\rob98\AppData\Local\Temp\ST_457c_00000u.tmp saved as .dta
    format
(6,292 observations deleted)
(104 observations deleted)
file C:\Users\rob98\AppData\Local\Temp\ST_457c_00000u.tmp saved as .dta
    format
(6,292 observations deleted)
(117 observations deleted)
file C:\Users\rob98\AppData\Local\Temp\ST_457c_00000u.tmp saved as .dta
    format
(6,292 observations deleted)
(65 observations deleted)
file C:\Users\rob98\AppData\Local\Temp\ST_457c_00000u.tmp saved as .dta
    format
(6,292 observations deleted)
(65 observations deleted)
file C:\Users\rob98\AppData\Local\Temp\ST_457c_00000u.tmp saved as .dta
    format
(6,292 observations deleted)
(65 observations deleted)
file C:\Users\rob98\AppData\Local\Temp\ST_457c_00000u.tmp saved as .dta
    format
(6,292 observations deleted)
(104 observations deleted)
file C:\Users\rob98\AppData\Local\Temp\ST_457c_00000u.tmp saved as .dta
    format
(6,292 observations deleted)
(130 observations deleted)
file C:\Users\rob98\AppData\Local\Temp\ST_457c_00000u.tmp saved as .dta
    format
(6,292 observations deleted)
(117 observations deleted)
file C:\Users\rob98\AppData\Local\Temp\ST_457c_00000u.tmp saved as .dta
    format
(6,292 observations deleted)
(117 observations deleted)
file C:\Users\rob98\AppData\Local\Temp\ST_457c_00000u.tmp saved as .dta
    format
(6,292 observations deleted)
(52 observations deleted)
file C:\Users\rob98\AppData\Local\Temp\ST_457c_00000u.tmp saved as .dta
    format
(6,292 observations deleted)
(117 observations deleted)
file C:\Users\rob98\AppData\Local\Temp\ST_457c_00000u.tmp saved as .dta
    format
(20,982 missing values generated)
=== Stacked country x 15-day-bin panel [na] ===
  22,451
Stacks (scandals): 113
file C:\Users\rob98\AppData\Local\Temp\ST_457c_00000v.tmp saved as .dta
    format
--- OLS: mm_violent [na] ---
(MWFE estimator converged in 2 iterations)

HDFE Linear regression                            Number of obs   =     22,451
Absorbing 2 HDFE groups                           F(   1,     21) =       1.73
Statistics robust to heteroskedasticity           Prob > F        =     0.2021
                                                  R-squared       =     0.5986
                                                  Adj R-squared   =     0.5649
                                                  Within R-sq.    =     0.0003
Number of clusters (country_id) =         22      Root MSE        =     1.0711

                            (Std. err. adjusted for 22 clusters in country_id)
------------------------------------------------------------------------------
             |               Robust
  mm_violent | Coefficient  std. err.      t    P>|t|     [95% conf. interval]
-------------+----------------------------------------------------------------
           D |    .132276   .1004638     1.32   0.202      -.07665     .341202
       _cons |    .201522   .0035396    56.93   0.000      .194161    .2088829
------------------------------------------------------------------------------

Absorbed degrees of freedom:
-----------------------------------------------------+
 Absorbed FE | Categories  - Redundant  = Num. Coefs |
-------------+---------------------------------------|
     unit_id |      1727        1727           0    *|
       etime |        13           1          12     |
-----------------------------------------------------+
* = FE nested within cluster; treated as redundant for DoF computation
--- dCDH: mm_violent [na] ---


-------------------------------------------------------------------------------
> -
             Estimation of treatment effects: Event-study effects
-------------------------------------------------------------------------------
> -

             |  Estimate         SE      LB CI      UB CI          N 
-------------+-------------------------------------------------------
    Effect_1 | -.0445987   .1074116  -.2551216   .1659242       1727 
    Effect_2 | -.1714972    .175188  -.5148593    .171865       1727 
    Effect_3 | -.2190183   .1520178  -.5169678   .0789312       1727 
    Effect_4 | -.0441546   .1762146  -.3895288   .3012197       1727 
    Effect_5 |  .1230165   .2217217  -.3115501   .5575831       1727 
    Effect_6 |   .332308   .3785937  -.4097221   1.074338       1727 

             | Switchers 
-------------+----------
    Effect_1 |       113 
    Effect_2 |       113 
    Effect_3 |       113 
    Effect_4 |       113 
    Effect_5 |       113 
    Effect_6 |       113 
-------------------------------------------------------------------------------
> -
Test of joint nullity of the effects : p-value = .276507


-------------------------------------------------------------------------------
> -
               Average cumulative (total) effect per treatment unit
-------------------------------------------------------------------------------
> -

             |  Estimate         SE      LB CI      UB CI          N 
-------------+-------------------------------------------------------
  Av_tot_eff | -.0039907   .1562736  -.3102814   .3022999      10362 

             |    Switch  x Periods 
-------------+---------------------
  Av_tot_eff |       678            
-------------------------------------------------------------------------------
> -
Average number of time periods over which a treatment's effect is accumulated =
>  3.5


-------------------------------------------------------------------------------
> -
          Testing the parallel trends and no anticipation assumptions
-------------------------------------------------------------------------------
> -

             |  Estimate         SE      LB CI      UB CI          N 
-------------+-------------------------------------------------------
   Placebo_1 | -.1445154    .160642  -.4593678   .1703371       1727 
   Placebo_2 | -.1953921   .1546811  -.4985614   .1077772       1727 
   Placebo_3 | -.2343214   .1621765  -.5521814   .0835386       1727 
   Placebo_4 | -.0496266   .2264089  -.4933799   .3941267       1727 
   Placebo_5 |  .0598414   .3375846  -.6018122   .7214951       1727 

             | Switchers 
-------------+----------
   Placebo_1 |       113 
   Placebo_2 |       113 
   Placebo_3 |       113 
   Placebo_4 |       113 
   Placebo_5 |       113 
-------------------------------------------------------------------------------
> -
Test of joint nullity of the placebos : p-value = .04877479


The development of this package was funded by the European Union (ERC, REALLYCR
> EDIBLE,GA N°101043899).
--- BJS: mm_violent [na] ---

                                                        Number of obs = 22,451
------------------------------------------------------------------------------
  mm_violent | Coefficient  Std. err.      z    P>|z|     [95% conf. interval]
-------------+----------------------------------------------------------------
         tau |    .132276   .0973571     1.36   0.174    -.0585404    .3230925
------------------------------------------------------------------------------

                                                        Number of obs = 22,338
------------------------------------------------------------------------------
  mm_violent | Coefficient  Std. err.      z    P>|z|     [95% conf. interval]
-------------+----------------------------------------------------------------
        tau0 |   .0494036    .167713     0.29   0.768    -.2793079    .3781151
        tau1 |  -.0774949   .1069086    -0.72   0.469    -.2870319    .1320421
        tau2 |   -.125016   .0723681    -1.73   0.084    -.2668548    .0168228
        tau3 |   .0498477   .1768813     0.28   0.778    -.2968332    .3965287
        tau4 |   .2170189   .1657923     1.31   0.191    -.1079281    .5419658
        tau5 |   .4263103   .2875853     1.48   0.138    -.1373465    .9899671
        pre1 |  -.0598414   .3347828    -0.18   0.858    -.7160036    .5963207
        pre2 |  -.2043568   .3184241    -0.64   0.521    -.8284566    .4197431
        pre3 |  -.2552335   .2797556    -0.91   0.362    -.8035444    .2930774
        pre4 |  -.2941628   .2623806    -1.12   0.262    -.8084194    .2200938
        pre5 |   -.109468   .2097182    -0.52   0.602    -.5205081     .301572
        pre6 |          0  (omitted)
------------------------------------------------------------------------------
--- SA: mm_violent [na] ---
(obs=1,469)

IW estimates for dynamic effects                        Number of obs = 22,451
Absorbing 2 HDFE groups                                 F(11, 21)     =   1.73
                                                        Prob > F      = 0.1342
                                                        R-squared     = 0.5991
                                                        Adj R-squared = 0.5652
                                                        Root MSE      = 1.0706
                            (Std. err. adjusted for 22 clusters in country_id)
------------------------------------------------------------------------------
             |               Robust
  mm_violent | Coefficient  std. err.      t    P>|t|     [95% conf. interval]
-------------+----------------------------------------------------------------
       ev_l6 |  -.0860885   .2175753    -0.40   0.696    -.5385612    .3663842
       ev_l5 |  -.1955566   .1852662    -1.06   0.303    -.5808387    .1897255
       ev_l4 |  -.3802513    .176065    -2.16   0.043    -.7463986   -.0141041
       ev_l3 |  -.3413221   .1590446    -2.15   0.044    -.6720733   -.0105708
       ev_l2 |  -.2904453   .1642016    -1.77   0.091    -.6319213    .0510307
       ev_g0 |  -.1905287   .2108299    -0.90   0.376    -.6289735    .2479162
       ev_g1 |  -.3174272   .1630082    -1.95   0.065    -.6564212    .0215669
       ev_g2 |  -.3649483   .1615827    -2.26   0.035    -.7009779   -.0289187
       ev_g3 |  -.1900845   .2398178    -0.79   0.437    -.6888131     .308644
       ev_g4 |  -.0229134   .1751694    -0.13   0.897    -.3871982    .3413713
       ev_g5 |    .186378   .1994202     0.93   0.361     -.228339    .6010951
------------------------------------------------------------------------------
Number of observations (_N) was 0, now 12.
(6 real changes made)
(12 missing values generated)
(12 missing values generated)
(1 real change made)
(1 real change made)
(1 real change made)
(1 real change made)
(1 real change made)
(1 real change made)
(1 real change made)
(1 real change made)
(1 real change made)
(1 real change made)
(1 real change made)
(1 real change made)
(1 real change made)
(1 real change made)
(1 real change made)
(1 real change made)
(1 real change made)
(1 real change made)
(1 real change made)
(1 real change made)
(1 real change made)
(1 real change made)
(1 real change made)
(1 real change made)
(12 missing values generated)
(12 missing values generated)
(1 real change made)
(1 real change made)
(1 real change made)
(1 real change made)
(1 real change made)
(1 real change made)
(1 real change made)
(1 real change made)
(1 real change made)
(1 real change made)
(1 real change made)
(1 real change made)
(1 real change made)
(1 real change made)
(1 real change made)
(1 real change made)
(1 real change made)
(1 real change made)
(1 real change made)
(1 real change made)
(1 real change made)
(1 real change made)
(1 real change made)
(1 real change made)
(12 missing values generated)
(12 missing values generated)
(1 real change made)
(1 real change made)
(1 real change made)
(1 real change made)
(1 real change made)
(1 real change made)
(1 real change made)
(1 real change made)
(1 real change made)
(1 real change made)
(1 real change made)
(1 real change made)
(1 real change made)
(1 real change made)
(1 real change made)
(1 real change made)
(1 real change made)
(1 real change made)
(1 real change made)
(1 real change made)
(1 real change made)
(1 real change made)
(1 real change made)
(1 real change made)
(12 missing values generated)
(12 missing values generated)
(1 real change made)
(1 real change made)
(1 real change made)
(1 real change made)
(1 real change made)
(1 real change made)
(1 real change made)
(1 real change made)
(1 real change made)
(1 real change made)
(1 real change made)
(1 real change made)
(1 real change made)
(1 real change made)
(1 real change made)
(1 real change made)
(1 real change made)
(1 real change made)
(1 real change made)
(1 real change made)
(1 real change made)
(1 real change made)
(1 real change made)
(1 real change made)
file
    C:\Users\rob98/Dropbox/Corrupcion/protest_repo/paper/figures/did_modern_s
    > tk_es_mm_violent_na_w90.pdf saved as PDF format
--- OLS: mm_nonviolent [na] ---
(MWFE estimator converged in 2 iterations)

HDFE Linear regression                            Number of obs   =     22,451
Absorbing 2 HDFE groups                           F(   1,     21) =       0.00
Statistics robust to heteroskedasticity           Prob > F        =     0.9459
                                                  R-squared       =     0.4377
                                                  Adj R-squared   =     0.3905
                                                  Within R-sq.    =     0.0000
Number of clusters (country_id) =         22      Root MSE        =     1.7849

                            (Std. err. adjusted for 22 clusters in country_id)
------------------------------------------------------------------------------
             |               Robust
mm_nonviol~t | Coefficient  std. err.      t    P>|t|     [95% conf. interval]
-------------+----------------------------------------------------------------
           D |   -.019334   .2815238    -0.07   0.946    -.6047948    .5661268
       _cons |   .4444921   .0099187    44.81   0.000      .423865    .4651193
------------------------------------------------------------------------------

Absorbed degrees of freedom:
-----------------------------------------------------+
 Absorbed FE | Categories  - Redundant  = Num. Coefs |
-------------+---------------------------------------|
     unit_id |      1727        1727           0    *|
       etime |        13           1          12     |
-----------------------------------------------------+
* = FE nested within cluster; treated as redundant for DoF computation
--- dCDH: mm_nonviolent [na] ---


-------------------------------------------------------------------------------
> -
             Estimation of treatment effects: Event-study effects
-------------------------------------------------------------------------------
> -

             |  Estimate         SE      LB CI      UB CI          N 
-------------+-------------------------------------------------------
    Effect_1 |   .183971   .2486017  -.3032793   .6712214       1727 
    Effect_2 | -.0315272   .1968676  -.4173806   .3543261       1727 
    Effect_3 | -.2077233   .3052843  -.8060695   .3906228       1727 
    Effect_4 |  -.275866   .3343757  -.9312304   .3794983       1727 
    Effect_5 | -.4655997   .3420359  -1.135978   .2047783       1727 
    Effect_6 | -.1405621   .3478384  -.8223128   .5411886       1727 

             | Switchers 
-------------+----------
    Effect_1 |       113 
    Effect_2 |       113 
    Effect_3 |       113 
    Effect_4 |       113 
    Effect_5 |       113 
    Effect_6 |       113 
-------------------------------------------------------------------------------
> -
Test of joint nullity of the effects : p-value = .39208077


-------------------------------------------------------------------------------
> -
               Average cumulative (total) effect per treatment unit
-------------------------------------------------------------------------------
> -

             |  Estimate         SE      LB CI      UB CI          N 
-------------+-------------------------------------------------------
  Av_tot_eff | -.1562179   .2238725  -.5949999    .282564      10362 

             |    Switch  x Periods 
-------------+---------------------
  Av_tot_eff |       678            
-------------------------------------------------------------------------------
> -
Average number of time periods over which a treatment's effect is accumulated =
>  3.5


-------------------------------------------------------------------------------
> -
          Testing the parallel trends and no anticipation assumptions
-------------------------------------------------------------------------------
> -

             |  Estimate         SE      LB CI      UB CI          N 
-------------+-------------------------------------------------------
   Placebo_1 | -.1545218   .3511657  -.8427939   .5337502       1727 
   Placebo_2 | -.1045333   .2998642  -.6922563   .4831896       1727 
   Placebo_3 | -.2294196   .3955937  -1.004769   .5459299       1727 
   Placebo_4 | -.4239344   .3286105  -1.067999   .2201303       1727 
   Placebo_5 | -.2412848   .3808789  -.9877937   .5052241       1727 

             | Switchers 
-------------+----------
   Placebo_1 |       113 
   Placebo_2 |       113 
   Placebo_3 |       113 
   Placebo_4 |       113 
   Placebo_5 |       113 
-------------------------------------------------------------------------------
> -
Test of joint nullity of the placebos : p-value = .78743597


The development of this package was funded by the European Union (ERC, REALLYCR
> EDIBLE,GA N°101043899).
--- BJS: mm_nonviolent [na] ---

                                                        Number of obs = 22,451
------------------------------------------------------------------------------
mm_nonviol~t | Coefficient  Std. err.      z    P>|z|     [95% conf. interval]
-------------+----------------------------------------------------------------
         tau |  -.0193339   .2742963    -0.07   0.944    -.5569448    .5182769
------------------------------------------------------------------------------

                                                        Number of obs = 22,338
------------------------------------------------------------------------------
mm_nonviol~t | Coefficient  Std. err.      z    P>|z|     [95% conf. interval]
-------------+----------------------------------------------------------------
        tau0 |   .3762533   .4108615     0.92   0.360    -.4290205    1.181527
        tau1 |   .1607551   .3164059     0.51   0.611     -.459389    .7808992
        tau2 |   -.015441   .3377015    -0.05   0.964    -.6773238    .6464417
        tau3 |  -.0835837     .37265    -0.22   0.823    -.8139643    .6467968
        tau4 |  -.2733173   .2963503    -0.92   0.356    -.8541532    .3075185
        tau5 |   .0517202   .3501585     0.15   0.883    -.6345779    .7380183
        pre1 |   .2412848   .3780508     0.64   0.523    -.4996811    .9822506
        pre2 |   .0867629   .4728636     0.18   0.854    -.8400327    1.013559
        pre3 |   .1367514   .4298255     0.32   0.750    -.7056911     .979194
        pre4 |   .0118652   .3401378     0.03   0.972    -.6547927    .6785231
        pre5 |  -.1826496   .2749349    -0.66   0.506    -.7215121    .3562129
        pre6 |          0  (omitted)
------------------------------------------------------------------------------
--- SA: mm_nonviolent [na] ---
(obs=1,469)

IW estimates for dynamic effects                        Number of obs = 22,451
Absorbing 2 HDFE groups                                 F(11, 21)     =   1.32
                                                        Prob > F      = 0.2817
                                                        R-squared     = 0.4380
                                                        Adj R-squared = 0.3905
                                                        Root MSE      = 1.7849
                            (Std. err. adjusted for 22 clusters in country_id)
------------------------------------------------------------------------------
             |               Robust
mm_nonviol~t | Coefficient  std. err.      t    P>|t|     [95% conf. interval]
-------------+----------------------------------------------------------------
       ev_l6 |   .0307185   .2944777     0.10   0.918    -.5816814    .6431184
       ev_l5 |  -.1519311   .2394028    -0.63   0.533    -.6497965    .3459343
       ev_l4 |   .0425837   .3618173     0.12   0.907    -.7098566     .795024
       ev_l3 |   .1674699   .3134165     0.53   0.599    -.4843153    .8192552
       ev_l2 |   .1174814   .3300081     0.36   0.725    -.5688081    .8037709
       ev_g0 |   .4559743   .3711711     1.23   0.233    -.3159183    1.227867
       ev_g1 |    .240476   .2374345     1.01   0.323    -.2532961    .7342482
       ev_g2 |   .0642799    .220021     0.29   0.773    -.3932787    .5218386
       ev_g3 |  -.0038628   .2522968    -0.02   0.988    -.5285428    .5208172
       ev_g4 |  -.1935964   .1718146    -1.13   0.273    -.5509044    .1637116
       ev_g5 |   .1314412   .2277859     0.58   0.570    -.3422655    .6051478
------------------------------------------------------------------------------
Number of observations (_N) was 0, now 12.
(6 real changes made)
(12 missing values generated)
(12 missing values generated)
(1 real change made)
(1 real change made)
(1 real change made)
(1 real change made)
(1 real change made)
(1 real change made)
(1 real change made)
(1 real change made)
(1 real change made)
(1 real change made)
(1 real change made)
(1 real change made)
(1 real change made)
(1 real change made)
(1 real change made)
(1 real change made)
(1 real change made)
(1 real change made)
(1 real change made)
(1 real change made)
(1 real change made)
(1 real change made)
(1 real change made)
(1 real change made)
(12 missing values generated)
(12 missing values generated)
(1 real change made)
(1 real change made)
(1 real change made)
(1 real change made)
(1 real change made)
(1 real change made)
(1 real change made)
(1 real change made)
(1 real change made)
(1 real change made)
(1 real change made)
(1 real change made)
(1 real change made)
(1 real change made)
(1 real change made)
(1 real change made)
(1 real change made)
(1 real change made)
(1 real change made)
(1 real change made)
(1 real change made)
(1 real change made)
(1 real change made)
(1 real change made)
(12 missing values generated)
(12 missing values generated)
(1 real change made)
(1 real change made)
(1 real change made)
(1 real change made)
(1 real change made)
(1 real change made)
(1 real change made)
(1 real change made)
(1 real change made)
(1 real change made)
(1 real change made)
(1 real change made)
(1 real change made)
(1 real change made)
(1 real change made)
(1 real change made)
(1 real change made)
(1 real change made)
(1 real change made)
(1 real change made)
(1 real change made)
(1 real change made)
(1 real change made)
(1 real change made)
(12 missing values generated)
(12 missing values generated)
(1 real change made)
(1 real change made)
(1 real change made)
(1 real change made)
(1 real change made)
(1 real change made)
(1 real change made)
(1 real change made)
(1 real change made)
(1 real change made)
(1 real change made)
(1 real change made)
(1 real change made)
(1 real change made)
(1 real change made)
(1 real change made)
(1 real change made)
(1 real change made)
(1 real change made)
(1 real change made)
(1 real change made)
(1 real change made)
(1 real change made)
(1 real change made)
file
    C:\Users\rob98/Dropbox/Corrupcion/protest_repo/paper/figures/did_modern_s
    > tk_es_mm_nonviolent_na_w90.pdf saved as PDF format
(dataset contains 0 observations)
(file C:\Users\rob98\AppData\Local\Temp\ST_457c_000010.tmp not found)
file C:\Users\rob98\AppData\Local\Temp\ST_457c_000010.tmp saved as .dta
    format
(6,204 observations deleted)
(170 observations deleted)
file C:\Users\rob98\AppData\Local\Temp\ST_457c_000010.tmp saved as .dta
    format
(6,204 observations deleted)
(153 observations deleted)
file C:\Users\rob98\AppData\Local\Temp\ST_457c_000010.tmp saved as .dta
    format
(6,204 observations deleted)
(153 observations deleted)
file C:\Users\rob98\AppData\Local\Temp\ST_457c_000010.tmp saved as .dta
    format
(6,204 observations deleted)
(153 observations deleted)
file C:\Users\rob98\AppData\Local\Temp\ST_457c_000010.tmp saved as .dta
    format
(6,204 observations deleted)
(0 observations deleted)
file C:\Users\rob98\AppData\Local\Temp\ST_457c_000010.tmp saved as .dta
    format
(6,204 observations deleted)
(204 observations deleted)
file C:\Users\rob98\AppData\Local\Temp\ST_457c_000010.tmp saved as .dta
    format
(6,204 observations deleted)
(170 observations deleted)
file C:\Users\rob98\AppData\Local\Temp\ST_457c_000010.tmp saved as .dta
    format
(6,204 observations deleted)
(170 observations deleted)
file C:\Users\rob98\AppData\Local\Temp\ST_457c_000010.tmp saved as .dta
    format
(6,204 observations deleted)
(170 observations deleted)
file C:\Users\rob98\AppData\Local\Temp\ST_457c_000010.tmp saved as .dta
    format
(6,204 observations deleted)
(170 observations deleted)
file C:\Users\rob98\AppData\Local\Temp\ST_457c_000010.tmp saved as .dta
    format
(6,204 observations deleted)
(170 observations deleted)
file C:\Users\rob98\AppData\Local\Temp\ST_457c_000010.tmp saved as .dta
    format
(6,204 observations deleted)
(187 observations deleted)
file C:\Users\rob98\AppData\Local\Temp\ST_457c_000010.tmp saved as .dta
    format
(6,204 observations deleted)
(170 observations deleted)
file C:\Users\rob98\AppData\Local\Temp\ST_457c_000010.tmp saved as .dta
    format
(6,204 observations deleted)
(170 observations deleted)
file C:\Users\rob98\AppData\Local\Temp\ST_457c_000010.tmp saved as .dta
    format
(6,204 observations deleted)
(170 observations deleted)
file C:\Users\rob98\AppData\Local\Temp\ST_457c_000010.tmp saved as .dta
    format
(6,204 observations deleted)
(170 observations deleted)
file C:\Users\rob98\AppData\Local\Temp\ST_457c_000010.tmp saved as .dta
    format
(6,204 observations deleted)
(68 observations deleted)
file C:\Users\rob98\AppData\Local\Temp\ST_457c_000010.tmp saved as .dta
    format
(6,204 observations deleted)
(153 observations deleted)
file C:\Users\rob98\AppData\Local\Temp\ST_457c_000010.tmp saved as .dta
    format
(6,204 observations deleted)
(170 observations deleted)
file C:\Users\rob98\AppData\Local\Temp\ST_457c_000010.tmp saved as .dta
    format
(6,204 observations deleted)
(170 observations deleted)
file C:\Users\rob98\AppData\Local\Temp\ST_457c_000010.tmp saved as .dta
    format
(6,204 observations deleted)
(170 observations deleted)
file C:\Users\rob98\AppData\Local\Temp\ST_457c_000010.tmp saved as .dta
    format
(6,204 observations deleted)
(170 observations deleted)
file C:\Users\rob98\AppData\Local\Temp\ST_457c_000010.tmp saved as .dta
    format
(6,204 observations deleted)
(170 observations deleted)
file C:\Users\rob98\AppData\Local\Temp\ST_457c_000010.tmp saved as .dta
    format
(6,204 observations deleted)
(153 observations deleted)
file C:\Users\rob98\AppData\Local\Temp\ST_457c_000010.tmp saved as .dta
    format
(6,204 observations deleted)
(170 observations deleted)
file C:\Users\rob98\AppData\Local\Temp\ST_457c_000010.tmp saved as .dta
    format
(6,204 observations deleted)
(102 observations deleted)
file C:\Users\rob98\AppData\Local\Temp\ST_457c_000010.tmp saved as .dta
    format
(6,204 observations deleted)
(102 observations deleted)
file C:\Users\rob98\AppData\Local\Temp\ST_457c_000010.tmp saved as .dta
    format
(6,204 observations deleted)
(102 observations deleted)
file C:\Users\rob98\AppData\Local\Temp\ST_457c_000010.tmp saved as .dta
    format
(6,204 observations deleted)
(17 observations deleted)
file C:\Users\rob98\AppData\Local\Temp\ST_457c_000010.tmp saved as .dta
    format
(6,204 observations deleted)
(102 observations deleted)
file C:\Users\rob98\AppData\Local\Temp\ST_457c_000010.tmp saved as .dta
    format
(6,204 observations deleted)
(51 observations deleted)
file C:\Users\rob98\AppData\Local\Temp\ST_457c_000010.tmp saved as .dta
    format
(6,204 observations deleted)
(68 observations deleted)
file C:\Users\rob98\AppData\Local\Temp\ST_457c_000010.tmp saved as .dta
    format
(6,204 observations deleted)
(85 observations deleted)
file C:\Users\rob98\AppData\Local\Temp\ST_457c_000010.tmp saved as .dta
    format
(6,204 observations deleted)
(68 observations deleted)
file C:\Users\rob98\AppData\Local\Temp\ST_457c_000010.tmp saved as .dta
    format
(6,204 observations deleted)
(68 observations deleted)
file C:\Users\rob98\AppData\Local\Temp\ST_457c_000010.tmp saved as .dta
    format
(6,204 observations deleted)
(51 observations deleted)
file C:\Users\rob98\AppData\Local\Temp\ST_457c_000010.tmp saved as .dta
    format
(6,204 observations deleted)
(153 observations deleted)
file C:\Users\rob98\AppData\Local\Temp\ST_457c_000010.tmp saved as .dta
    format
(6,204 observations deleted)
(153 observations deleted)
file C:\Users\rob98\AppData\Local\Temp\ST_457c_000010.tmp saved as .dta
    format
(6,204 observations deleted)
(153 observations deleted)
file C:\Users\rob98\AppData\Local\Temp\ST_457c_000010.tmp saved as .dta
    format
(6,204 observations deleted)
(170 observations deleted)
file C:\Users\rob98\AppData\Local\Temp\ST_457c_000010.tmp saved as .dta
    format
(6,204 observations deleted)
(170 observations deleted)
file C:\Users\rob98\AppData\Local\Temp\ST_457c_000010.tmp saved as .dta
    format
(6,204 observations deleted)
(68 observations deleted)
file C:\Users\rob98\AppData\Local\Temp\ST_457c_000010.tmp saved as .dta
    format
(6,204 observations deleted)
(170 observations deleted)
file C:\Users\rob98\AppData\Local\Temp\ST_457c_000010.tmp saved as .dta
    format
(6,204 observations deleted)
(102 observations deleted)
file C:\Users\rob98\AppData\Local\Temp\ST_457c_000010.tmp saved as .dta
    format
(6,204 observations deleted)
(102 observations deleted)
file C:\Users\rob98\AppData\Local\Temp\ST_457c_000010.tmp saved as .dta
    format
(6,204 observations deleted)
(102 observations deleted)
file C:\Users\rob98\AppData\Local\Temp\ST_457c_000010.tmp saved as .dta
    format
(6,204 observations deleted)
(136 observations deleted)
file C:\Users\rob98\AppData\Local\Temp\ST_457c_000010.tmp saved as .dta
    format
(6,204 observations deleted)
(136 observations deleted)
file C:\Users\rob98\AppData\Local\Temp\ST_457c_000010.tmp saved as .dta
    format
(6,204 observations deleted)
(153 observations deleted)
file C:\Users\rob98\AppData\Local\Temp\ST_457c_000010.tmp saved as .dta
    format
(6,204 observations deleted)
(153 observations deleted)
file C:\Users\rob98\AppData\Local\Temp\ST_457c_000010.tmp saved as .dta
    format
(6,204 observations deleted)
(170 observations deleted)
file C:\Users\rob98\AppData\Local\Temp\ST_457c_000010.tmp saved as .dta
    format
(6,204 observations deleted)
(170 observations deleted)
file C:\Users\rob98\AppData\Local\Temp\ST_457c_000010.tmp saved as .dta
    format
(6,204 observations deleted)
(51 observations deleted)
file C:\Users\rob98\AppData\Local\Temp\ST_457c_000010.tmp saved as .dta
    format
(6,204 observations deleted)
(153 observations deleted)
file C:\Users\rob98\AppData\Local\Temp\ST_457c_000010.tmp saved as .dta
    format
(6,204 observations deleted)
(153 observations deleted)
file C:\Users\rob98\AppData\Local\Temp\ST_457c_000010.tmp saved as .dta
    format
(6,204 observations deleted)
(34 observations deleted)
file C:\Users\rob98\AppData\Local\Temp\ST_457c_000010.tmp saved as .dta
    format
(6,204 observations deleted)
(34 observations deleted)
file C:\Users\rob98\AppData\Local\Temp\ST_457c_000010.tmp saved as .dta
    format
(6,204 observations deleted)
(119 observations deleted)
file C:\Users\rob98\AppData\Local\Temp\ST_457c_000010.tmp saved as .dta
    format
(6,204 observations deleted)
(102 observations deleted)
file C:\Users\rob98\AppData\Local\Temp\ST_457c_000010.tmp saved as .dta
    format
(6,204 observations deleted)
(51 observations deleted)
file C:\Users\rob98\AppData\Local\Temp\ST_457c_000010.tmp saved as .dta
    format
(6,204 observations deleted)
(68 observations deleted)
file C:\Users\rob98\AppData\Local\Temp\ST_457c_000010.tmp saved as .dta
    format
(6,204 observations deleted)
(85 observations deleted)
file C:\Users\rob98\AppData\Local\Temp\ST_457c_000010.tmp saved as .dta
    format
(6,204 observations deleted)
(85 observations deleted)
file C:\Users\rob98\AppData\Local\Temp\ST_457c_000010.tmp saved as .dta
    format
(6,204 observations deleted)
(102 observations deleted)
file C:\Users\rob98\AppData\Local\Temp\ST_457c_000010.tmp saved as .dta
    format
(6,204 observations deleted)
(153 observations deleted)
file C:\Users\rob98\AppData\Local\Temp\ST_457c_000010.tmp saved as .dta
    format
(6,204 observations deleted)
(68 observations deleted)
file C:\Users\rob98\AppData\Local\Temp\ST_457c_000010.tmp saved as .dta
    format
(6,204 observations deleted)
(102 observations deleted)
file C:\Users\rob98\AppData\Local\Temp\ST_457c_000010.tmp saved as .dta
    format
(6,204 observations deleted)
(170 observations deleted)
file C:\Users\rob98\AppData\Local\Temp\ST_457c_000010.tmp saved as .dta
    format
(6,204 observations deleted)
(170 observations deleted)
file C:\Users\rob98\AppData\Local\Temp\ST_457c_000010.tmp saved as .dta
    format
(6,204 observations deleted)
(0 observations deleted)
file C:\Users\rob98\AppData\Local\Temp\ST_457c_000010.tmp saved as .dta
    format
(6,204 observations deleted)
(136 observations deleted)
file C:\Users\rob98\AppData\Local\Temp\ST_457c_000010.tmp saved as .dta
    format
(6,204 observations deleted)
(170 observations deleted)
file C:\Users\rob98\AppData\Local\Temp\ST_457c_000010.tmp saved as .dta
    format
(6,204 observations deleted)
(170 observations deleted)
file C:\Users\rob98\AppData\Local\Temp\ST_457c_000010.tmp saved as .dta
    format
(6,204 observations deleted)
(153 observations deleted)
file C:\Users\rob98\AppData\Local\Temp\ST_457c_000010.tmp saved as .dta
    format
(6,204 observations deleted)
(187 observations deleted)
file C:\Users\rob98\AppData\Local\Temp\ST_457c_000010.tmp saved as .dta
    format
(6,204 observations deleted)
(68 observations deleted)
file C:\Users\rob98\AppData\Local\Temp\ST_457c_000010.tmp saved as .dta
    format
(6,204 observations deleted)
(136 observations deleted)
file C:\Users\rob98\AppData\Local\Temp\ST_457c_000010.tmp saved as .dta
    format
(6,204 observations deleted)
(102 observations deleted)
file C:\Users\rob98\AppData\Local\Temp\ST_457c_000010.tmp saved as .dta
    format
(6,204 observations deleted)
(170 observations deleted)
file C:\Users\rob98\AppData\Local\Temp\ST_457c_000010.tmp saved as .dta
    format
(6,204 observations deleted)
(85 observations deleted)
file C:\Users\rob98\AppData\Local\Temp\ST_457c_000010.tmp saved as .dta
    format
(6,204 observations deleted)
(170 observations deleted)
file C:\Users\rob98\AppData\Local\Temp\ST_457c_000010.tmp saved as .dta
    format
(6,204 observations deleted)
(170 observations deleted)
file C:\Users\rob98\AppData\Local\Temp\ST_457c_000010.tmp saved as .dta
    format
(6,204 observations deleted)
(102 observations deleted)
file C:\Users\rob98\AppData\Local\Temp\ST_457c_000010.tmp saved as .dta
    format
(6,204 observations deleted)
(17 observations deleted)
file C:\Users\rob98\AppData\Local\Temp\ST_457c_000010.tmp saved as .dta
    format
(6,204 observations deleted)
(68 observations deleted)
file C:\Users\rob98\AppData\Local\Temp\ST_457c_000010.tmp saved as .dta
    format
(6,204 observations deleted)
(85 observations deleted)
file C:\Users\rob98\AppData\Local\Temp\ST_457c_000010.tmp saved as .dta
    format
(6,204 observations deleted)
(153 observations deleted)
file C:\Users\rob98\AppData\Local\Temp\ST_457c_000010.tmp saved as .dta
    format
(6,204 observations deleted)
(102 observations deleted)
file C:\Users\rob98\AppData\Local\Temp\ST_457c_000010.tmp saved as .dta
    format
(6,204 observations deleted)
(170 observations deleted)
file C:\Users\rob98\AppData\Local\Temp\ST_457c_000010.tmp saved as .dta
    format
(6,204 observations deleted)
(68 observations deleted)
file C:\Users\rob98\AppData\Local\Temp\ST_457c_000010.tmp saved as .dta
    format
(6,204 observations deleted)
(170 observations deleted)
file C:\Users\rob98\AppData\Local\Temp\ST_457c_000010.tmp saved as .dta
    format
(6,204 observations deleted)
(102 observations deleted)
file C:\Users\rob98\AppData\Local\Temp\ST_457c_000010.tmp saved as .dta
    format
(6,204 observations deleted)
(153 observations deleted)
file C:\Users\rob98\AppData\Local\Temp\ST_457c_000010.tmp saved as .dta
    format
(6,204 observations deleted)
(153 observations deleted)
file C:\Users\rob98\AppData\Local\Temp\ST_457c_000010.tmp saved as .dta
    format
(6,204 observations deleted)
(170 observations deleted)
file C:\Users\rob98\AppData\Local\Temp\ST_457c_000010.tmp saved as .dta
    format
(6,204 observations deleted)
(170 observations deleted)
file C:\Users\rob98\AppData\Local\Temp\ST_457c_000010.tmp saved as .dta
    format
(6,204 observations deleted)
(119 observations deleted)
file C:\Users\rob98\AppData\Local\Temp\ST_457c_000010.tmp saved as .dta
    format
(6,204 observations deleted)
(102 observations deleted)
file C:\Users\rob98\AppData\Local\Temp\ST_457c_000010.tmp saved as .dta
    format
(6,204 observations deleted)
(153 observations deleted)
file C:\Users\rob98\AppData\Local\Temp\ST_457c_000010.tmp saved as .dta
    format
(6,204 observations deleted)
(170 observations deleted)
file C:\Users\rob98\AppData\Local\Temp\ST_457c_000010.tmp saved as .dta
    format
(6,204 observations deleted)
(170 observations deleted)
file C:\Users\rob98\AppData\Local\Temp\ST_457c_000010.tmp saved as .dta
    format
(6,204 observations deleted)
(102 observations deleted)
file C:\Users\rob98\AppData\Local\Temp\ST_457c_000010.tmp saved as .dta
    format
(6,204 observations deleted)
(153 observations deleted)
file C:\Users\rob98\AppData\Local\Temp\ST_457c_000010.tmp saved as .dta
    format
(6,204 observations deleted)
(170 observations deleted)
file C:\Users\rob98\AppData\Local\Temp\ST_457c_000010.tmp saved as .dta
    format
(6,204 observations deleted)
(85 observations deleted)
file C:\Users\rob98\AppData\Local\Temp\ST_457c_000010.tmp saved as .dta
    format
(6,204 observations deleted)
(85 observations deleted)
file C:\Users\rob98\AppData\Local\Temp\ST_457c_000010.tmp saved as .dta
    format
(6,204 observations deleted)
(85 observations deleted)
file C:\Users\rob98\AppData\Local\Temp\ST_457c_000010.tmp saved as .dta
    format
(6,204 observations deleted)
(153 observations deleted)
file C:\Users\rob98\AppData\Local\Temp\ST_457c_000010.tmp saved as .dta
    format
(6,204 observations deleted)
(170 observations deleted)
file C:\Users\rob98\AppData\Local\Temp\ST_457c_000010.tmp saved as .dta
    format
(6,204 observations deleted)
(153 observations deleted)
file C:\Users\rob98\AppData\Local\Temp\ST_457c_000010.tmp saved as .dta
    format
(6,204 observations deleted)
(153 observations deleted)
file C:\Users\rob98\AppData\Local\Temp\ST_457c_000010.tmp saved as .dta
    format
(6,204 observations deleted)
(68 observations deleted)
file C:\Users\rob98\AppData\Local\Temp\ST_457c_000010.tmp saved as .dta
    format
(6,204 observations deleted)
(170 observations deleted)
file C:\Users\rob98\AppData\Local\Temp\ST_457c_000010.tmp saved as .dta
    format
(25,959 missing values generated)
=== Stacked country x 15-day-bin panel [na] ===
  27,880
Stacks (scandals): 113
file C:\Users\rob98\AppData\Local\Temp\ST_457c_000011.tmp saved as .dta
    format
--- OLS: mm_violent [na] ---
(MWFE estimator converged in 2 iterations)

HDFE Linear regression                            Number of obs   =     27,880
Absorbing 2 HDFE groups                           F(   1,     21) =       2.16
Statistics robust to heteroskedasticity           Prob > F        =     0.1565
                                                  R-squared       =     0.5106
                                                  Adj R-squared   =     0.4797
                                                  Within R-sq.    =     0.0001
Number of clusters (country_id) =         22      Root MSE        =     1.2054

                            (Std. err. adjusted for 22 clusters in country_id)
------------------------------------------------------------------------------
             |               Robust
  mm_violent | Coefficient  std. err.      t    P>|t|     [95% conf. interval]
-------------+----------------------------------------------------------------
           D |    .103727   .0705811     1.47   0.156    -.0430545    .2505084
       _cons |   .2125362   .0025746    82.55   0.000      .207182    .2178905
------------------------------------------------------------------------------

Absorbed degrees of freedom:
-----------------------------------------------------+
 Absorbed FE | Categories  - Redundant  = Num. Coefs |
-------------+---------------------------------------|
     unit_id |      1640        1640           0    *|
       etime |        17           1          16     |
-----------------------------------------------------+
* = FE nested within cluster; treated as redundant for DoF computation
--- dCDH: mm_violent [na] ---


-------------------------------------------------------------------------------
> -
             Estimation of treatment effects: Event-study effects
-------------------------------------------------------------------------------
> -

             |  Estimate         SE      LB CI      UB CI          N 
-------------+-------------------------------------------------------
    Effect_1 | -.0436103    .107696  -.2546907   .1674701       1640 
    Effect_2 | -.1672027   .1762154  -.5125785    .178173       1640 
    Effect_3 | -.2163708   .1521029   -.514487   .0817454       1640 
    Effect_4 | -.0432915   .1762832  -.3888002   .3022171       1640 
    Effect_5 |  .1254875   .2216871  -.3090112   .5599863       1640 
    Effect_6 |  .3346025   .3787436  -.4077213   1.076926       1640 
    Effect_7 |  .3120005   .3553315  -.3844365   1.008438       1640 
    Effect_8 |  .1566551   .3174451  -.4655257    .778836       1640 

             | Switchers 
-------------+----------
    Effect_1 |       113 
    Effect_2 |       113 
    Effect_3 |       113 
    Effect_4 |       113 
    Effect_5 |       113 
    Effect_6 |       113 
    Effect_7 |       113 
    Effect_8 |       113 
-------------------------------------------------------------------------------
> -
The F-test that all effects are equal to zero may not be reliable, because the 
> variance of the effects is close to not being invertible (the ratio of its la
> rgest and smallest eigenvalues is larger than 1000). This can for instance ha
> ppen when you compute many effects estimators, or when your effects are very 
> strongly correlated. We recommend that you complement the F-test with a sup t
> -test, see FAQ section of the help file for more details.

Test of joint nullity of the effects : p-value = .01209099


-------------------------------------------------------------------------------
> -
               Average cumulative (total) effect per treatment unit
-------------------------------------------------------------------------------
> -

             |  Estimate         SE      LB CI      UB CI          N 
-------------+-------------------------------------------------------
  Av_tot_eff |  .0572838   .1844884  -.3043067   .4188743      13120 

             |    Switch  x Periods 
-------------+---------------------
  Av_tot_eff |       904            
-------------------------------------------------------------------------------
> -
Average number of time periods over which a treatment's effect is accumulated =
>  4.5


-------------------------------------------------------------------------------
> -
          Testing the parallel trends and no anticipation assumptions
-------------------------------------------------------------------------------
> -

             |  Estimate         SE      LB CI      UB CI          N 
-------------+-------------------------------------------------------
   Placebo_1 | -.1314336   .1624098  -.4497509   .1868837       1640 
   Placebo_2 | -.1724591   .1494323  -.4653411   .1204228       1640 
   Placebo_3 | -.2262461   .1628389  -.5454044   .0929122       1640 
   Placebo_4 | -.0433785   .2281097  -.4904653   .4037083       1640 
   Placebo_5 |   .070356   .3378932  -.5919024   .7326144       1640 
   Placebo_6 |  .1234881   .3735829  -.6087208   .8556971       1640 
   Placebo_7 |   .155612   .4507638  -.7278688   1.039093       1640 

             | Switchers 
-------------+----------
   Placebo_1 |       113 
   Placebo_2 |       113 
   Placebo_3 |       113 
   Placebo_4 |       113 
   Placebo_5 |       113 
   Placebo_6 |       113 
   Placebo_7 |       113 
-------------------------------------------------------------------------------
> -
The F-test that all pre-trends are equal to zero may not be reliable, because t
> he variance of the placebos is close to not being invertible (the ratio of it
> s largest and smallest eigenvalues is larger than 1000). This can for instanc
> e happen when you compute many placebos estimators, or when your placebos are
>  very strongly correlated. We recommend that you complement the F-test with a
>  sup t-test, see FAQ section of the help file for more details.

Test of joint nullity of the placebos : p-value = .0329905


The development of this package was funded by the European Union (ERC, REALLYCR
> EDIBLE,GA N°101043899).
--- BJS: mm_violent [na] ---

                                                        Number of obs = 27,880
------------------------------------------------------------------------------
  mm_violent | Coefficient  Std. err.      z    P>|z|     [95% conf. interval]
-------------+----------------------------------------------------------------
         tau |    .103727   .0689685     1.50   0.133    -.0314489    .2389029
------------------------------------------------------------------------------

                                                        Number of obs = 27,767
------------------------------------------------------------------------------
  mm_violent | Coefficient  Std. err.      z    P>|z|     [95% conf. interval]
-------------+----------------------------------------------------------------
        tau0 |  -.0156026   .2055379    -0.08   0.939    -.4184495    .3872443
        tau1 |  -.1391951   .1478513    -0.94   0.346    -.4289783    .1505882
        tau2 |  -.1883631   .1262588    -1.49   0.136    -.4358259    .0590996
        tau3 |  -.0152839   .2169075    -0.07   0.944    -.4404147     .409847
        tau4 |   .1534952   .1526838     1.01   0.315    -.1457595      .45275
        tau5 |   .3626102   .2447573     1.48   0.138    -.1171053    .8423257
        tau6 |   .3400082   .2131045     1.60   0.111     -.077669    .7576854
        tau7 |   .1846628     .15792     1.17   0.242    -.1248548    .4941804
        pre1 |   -.155612   .4469757    -0.35   0.728    -1.031668    .7204442
        pre2 |  -.2870456   .4326651    -0.66   0.507    -1.135054    .5609625
        pre3 |  -.3280711   .4044455    -0.81   0.417     -1.12077    .4646275
        pre4 |  -.3818581   .3939727    -0.97   0.332    -1.154031    .3903143
        pre5 |  -.1989904   .3403198    -0.58   0.559    -.8660049     .468024
        pre6 |   -.085256   .1356814    -0.63   0.530    -.3511866    .1806747
        pre7 |  -.0321238   .1269416    -0.25   0.800    -.2809249    .2166772
        pre8 |          0  (omitted)
------------------------------------------------------------------------------
--- SA: mm_violent [na] ---
(obs=1,921)

IW estimates for dynamic effects                        Number of obs = 27,880
Absorbing 2 HDFE groups                                 F(15, 21)     =   2.53
                                                        Prob > F      = 0.0252
                                                        R-squared     = 0.5112
                                                        Adj R-squared = 0.4800
                                                        Root MSE      = 1.2050
                            (Std. err. adjusted for 22 clusters in country_id)
------------------------------------------------------------------------------
             |               Robust
  mm_violent | Coefficient  std. err.      t    P>|t|     [95% conf. interval]
-------------+----------------------------------------------------------------
       ev_l8 |   .0440102   .3053786     0.14   0.887    -.5910594    .6790797
       ev_l7 |   .0118863   .2380285     0.05   0.961    -.4831211    .5068938
       ev_l6 |  -.0412458   .2019281    -0.20   0.840    -.4611782    .3786866
       ev_l5 |  -.1549803   .1752593    -0.88   0.387     -.519452    .2094915
       ev_l4 |  -.3378479   .1648379    -2.05   0.053    -.6806471    .0049512
       ev_l3 |  -.2840609    .144041    -1.97   0.062    -.5836106    .0154887
       ev_l2 |  -.2430354   .1555817    -1.56   0.133    -.5665853    .0805145
       ev_g0 |  -.1552121    .206627    -0.75   0.461    -.5849164    .2744923
       ev_g1 |  -.2788045   .1846096    -1.51   0.146    -.6627213    .1051122
       ev_g2 |  -.3279726   .1603419    -2.05   0.054    -.6614218    .0054766
       ev_g3 |  -.1548933   .2366969    -0.65   0.520    -.6471315    .3373448
       ev_g4 |   .0138857   .1862724     0.07   0.941    -.3734889    .4012604
       ev_g5 |   .2230007   .2646397     0.84   0.409    -.3273476    .7733491
       ev_g6 |   .2003987   .2291171     0.87   0.392    -.2760763    .6768737
       ev_g7 |   .0450533   .1595525     0.28   0.780    -.2867542    .3768609
------------------------------------------------------------------------------
Number of observations (_N) was 0, now 16.
(8 real changes made)
(16 missing values generated)
(16 missing values generated)
(1 real change made)
(1 real change made)
(1 real change made)
(1 real change made)
(1 real change made)
(1 real change made)
(1 real change made)
(1 real change made)
(1 real change made)
(1 real change made)
(1 real change made)
(1 real change made)
(1 real change made)
(1 real change made)
(1 real change made)
(1 real change made)
(1 real change made)
(1 real change made)
(1 real change made)
(1 real change made)
(1 real change made)
(1 real change made)
(1 real change made)
(1 real change made)
(1 real change made)
(1 real change made)
(1 real change made)
(1 real change made)
(1 real change made)
(1 real change made)
(1 real change made)
(1 real change made)
(16 missing values generated)
(16 missing values generated)
(1 real change made)
(1 real change made)
(1 real change made)
(1 real change made)
(1 real change made)
(1 real change made)
(1 real change made)
(1 real change made)
(1 real change made)
(1 real change made)
(1 real change made)
(1 real change made)
(1 real change made)
(1 real change made)
(1 real change made)
(1 real change made)
(1 real change made)
(1 real change made)
(1 real change made)
(1 real change made)
(1 real change made)
(1 real change made)
(1 real change made)
(1 real change made)
(1 real change made)
(1 real change made)
(1 real change made)
(1 real change made)
(1 real change made)
(1 real change made)
(1 real change made)
(1 real change made)
(16 missing values generated)
(16 missing values generated)
(1 real change made)
(1 real change made)
(1 real change made)
(1 real change made)
(1 real change made)
(1 real change made)
(1 real change made)
(1 real change made)
(1 real change made)
(1 real change made)
(1 real change made)
(1 real change made)
(1 real change made)
(1 real change made)
(1 real change made)
(1 real change made)
(1 real change made)
(1 real change made)
(1 real change made)
(1 real change made)
(1 real change made)
(1 real change made)
(1 real change made)
(1 real change made)
(1 real change made)
(1 real change made)
(1 real change made)
(1 real change made)
(1 real change made)
(1 real change made)
(1 real change made)
(1 real change made)
(16 missing values generated)
(16 missing values generated)
(1 real change made)
(1 real change made)
(1 real change made)
(1 real change made)
(1 real change made)
(1 real change made)
(1 real change made)
(1 real change made)
(1 real change made)
(1 real change made)
(1 real change made)
(1 real change made)
(1 real change made)
(1 real change made)
(1 real change made)
(1 real change made)
(1 real change made)
(1 real change made)
(1 real change made)
(1 real change made)
(1 real change made)
(1 real change made)
(1 real change made)
(1 real change made)
(1 real change made)
(1 real change made)
(1 real change made)
(1 real change made)
(1 real change made)
(1 real change made)
(1 real change made)
(1 real change made)
file
    C:\Users\rob98/Dropbox/Corrupcion/protest_repo/paper/figures/did_modern_s
    > tk_es_mm_violent_na_w120.pdf saved as PDF format
--- OLS: mm_nonviolent [na] ---
(MWFE estimator converged in 2 iterations)

HDFE Linear regression                            Number of obs   =     27,880
Absorbing 2 HDFE groups                           F(   1,     21) =       0.00
Statistics robust to heteroskedasticity           Prob > F        =     0.9577
                                                  R-squared       =     0.3579
                                                  Adj R-squared   =     0.3174
                                                  Within R-sq.    =     0.0000
Number of clusters (country_id) =         22      Root MSE        =     1.8234

                            (Std. err. adjusted for 22 clusters in country_id)
------------------------------------------------------------------------------
             |               Robust
mm_nonviol~t | Coefficient  std. err.      t    P>|t|     [95% conf. interval]
-------------+----------------------------------------------------------------
           D |  -.0111753   .2083548    -0.05   0.958    -.4444728    .4221222
       _cons |   .4270934   .0076003    56.19   0.000     .4112877    .4428992
------------------------------------------------------------------------------

Absorbed degrees of freedom:
-----------------------------------------------------+
 Absorbed FE | Categories  - Redundant  = Num. Coefs |
-------------+---------------------------------------|
     unit_id |      1640        1640           0    *|
       etime |        17           1          16     |
-----------------------------------------------------+
* = FE nested within cluster; treated as redundant for DoF computation
--- dCDH: mm_nonviolent [na] ---


-------------------------------------------------------------------------------
> -
             Estimation of treatment effects: Event-study effects
-------------------------------------------------------------------------------
> -

             |  Estimate         SE      LB CI      UB CI          N 
-------------+-------------------------------------------------------
    Effect_1 |  .1875388   .2488071  -.3001142   .6751917       1640 
    Effect_2 | -.0342855   .1978508   -.422066    .353495       1640 
    Effect_3 | -.1984978    .303212  -.7927825   .3957868       1640 
    Effect_4 | -.2519313   .3300464  -.8988105   .3949478       1640 
    Effect_5 | -.4420374   .3362237  -1.101024   .2169489       1640 
    Effect_6 | -.1296312   .3471678  -.8100675    .550805       1640 
    Effect_7 |   -.54002   .3644077  -1.254246    .174206       1640 
    Effect_8 | -.5233641   .3074202  -1.125897   .0791683       1640 

             | Switchers 
-------------+----------
    Effect_1 |       113 
    Effect_2 |       113 
    Effect_3 |       113 
    Effect_4 |       113 
    Effect_5 |       113 
    Effect_6 |       113 
    Effect_7 |       113 
    Effect_8 |       113 
-------------------------------------------------------------------------------
> -
Test of joint nullity of the effects : p-value = .56466635


-------------------------------------------------------------------------------
> -
               Average cumulative (total) effect per treatment unit
-------------------------------------------------------------------------------
> -

             |  Estimate         SE      LB CI      UB CI          N 
-------------+-------------------------------------------------------
  Av_tot_eff | -.2415286   .2340789  -.7003147   .2172575      13120 

             |    Switch  x Periods 
-------------+---------------------
  Av_tot_eff |       904            
-------------------------------------------------------------------------------
> -
Average number of time periods over which a treatment's effect is accumulated =
>  4.5


-------------------------------------------------------------------------------
> -
          Testing the parallel trends and no anticipation assumptions
-------------------------------------------------------------------------------
> -

             |  Estimate         SE      LB CI      UB CI          N 
-------------+-------------------------------------------------------
   Placebo_1 | -.1481069   .3518462  -.8377127   .5414989       1640 
   Placebo_2 | -.0965859   .3016932  -.6878937   .4947219       1640 
   Placebo_3 | -.2184108   .3919795  -.9866765   .5498549       1640 
   Placebo_4 | -.4245527   .3270419  -1.065543   .2164376       1640 
   Placebo_5 | -.2475268   .3829154  -.9980272   .5029735       1640 
   Placebo_6 | -.4789598   .3691303  -1.202442   .2445222       1640 
   Placebo_7 | -.8667119   .3526344  -1.557863  -.1755611       1640 

             | Switchers 
-------------+----------
   Placebo_1 |       113 
   Placebo_2 |       113 
   Placebo_3 |       113 
   Placebo_4 |       113 
   Placebo_5 |       113 
   Placebo_6 |       113 
   Placebo_7 |       113 
-------------------------------------------------------------------------------
> -
Test of joint nullity of the placebos : p-value = .18371748


The development of this package was funded by the European Union (ERC, REALLYCR
> EDIBLE,GA N°101043899).
--- BJS: mm_nonviolent [na] ---

                                                        Number of obs = 27,880
------------------------------------------------------------------------------
mm_nonviol~t | Coefficient  Std. err.      z    P>|z|     [95% conf. interval]
-------------+----------------------------------------------------------------
         tau |  -.0111753   .2031758    -0.06   0.956    -.4093925     .387042
------------------------------------------------------------------------------

                                                        Number of obs = 27,767
------------------------------------------------------------------------------
mm_nonviol~t | Coefficient  Std. err.      z    P>|z|     [95% conf. interval]
-------------+----------------------------------------------------------------
        tau0 |   .4976456   .3913896     1.27   0.204     -.269464    1.264755
        tau1 |   .2758213   .2880241     0.96   0.338    -.2886955    .8403382
        tau2 |    .111609   .2853962     0.39   0.696    -.4477572    .6709752
        tau3 |   .0581755     .31346     0.19   0.853    -.5561947    .6725457
        tau4 |  -.1319306   .2338664    -0.56   0.573    -.5903003    .3264392
        tau5 |   .1804756   .3016613     0.60   0.550    -.4107697     .771721
        tau6 |  -.2299132   .2305015    -1.00   0.319    -.6816878    .2218615
        tau7 |  -.2132572   .2505938    -0.85   0.395    -.7044121    .2778976
        pre1 |   .8667119   .3501933     2.47   0.013     .1803455    1.553078
        pre2 |   .7186049   .5328275     1.35   0.177    -.3257178    1.762928
        pre3 |   .7701259   .4597341     1.68   0.094    -.1309363    1.671188
        pre4 |   .6483011     .47891     1.35   0.176    -.2903453    1.586947
        pre5 |   .4421591   .2068804     2.14   0.033     .0366809    .8476374
        pre6 |   .6191851   .3482211     1.78   0.075    -.0633158    1.301686
        pre7 |    .387752   .2682912     1.45   0.148     -.138089    .9135931
        pre8 |          0  (omitted)
------------------------------------------------------------------------------
--- SA: mm_nonviolent [na] ---
(obs=1,921)

IW estimates for dynamic effects                        Number of obs = 27,880
Absorbing 2 HDFE groups                                 F(15, 21)     =  16.08
                                                        Prob > F      = 0.0000
                                                        R-squared     = 0.3587
                                                        Adj R-squared = 0.3178
                                                        Root MSE      = 1.8228
                            (Std. err. adjusted for 22 clusters in country_id)
------------------------------------------------------------------------------
             |               Robust
mm_nonviol~t | Coefficient  std. err.      t    P>|t|     [95% conf. interval]
-------------+----------------------------------------------------------------
       ev_l8 |  -.3870566   .2612534    -1.48   0.153    -.9303628    .1562497
       ev_l7 |   .0006954   .2262628     0.00   0.998    -.4698439    .4712348
       ev_l6 |   .2321285    .283818     0.82   0.423    -.3581034    .8223603
       ev_l5 |   .0551025   .2091631     0.26   0.795     -.379876    .4900811
       ev_l4 |   .2612445   .3344523     0.78   0.443    -.4342871    .9567761
       ev_l3 |   .3830694   .3100994     1.24   0.230    -.2618177    1.027956
       ev_l2 |   .3315484   .3467263     0.96   0.350    -.3895084    1.052605
       ev_g0 |    .667194   .3677607     1.81   0.084    -.0976063    1.431994
       ev_g1 |   .4453698   .2213303     2.01   0.057    -.0149119    .9056514
       ev_g2 |   .2811575   .2060606     1.36   0.187    -.1473691     .709684
       ev_g3 |    .227724    .275705     0.83   0.418    -.3456359    .8010838
       ev_g4 |   .0376179   .2012375     0.19   0.854    -.3808785    .4561142
       ev_g5 |   .3500241    .267873     1.31   0.205    -.2070484    .9070965
       ev_g6 |  -.0603648   .2068381    -0.29   0.773     -.490508    .3697785
       ev_g7 |  -.0437088   .2056072    -0.21   0.834    -.4712924    .3838748
------------------------------------------------------------------------------
Number of observations (_N) was 0, now 16.
(8 real changes made)
(16 missing values generated)
(16 missing values generated)
(1 real change made)
(1 real change made)
(1 real change made)
(1 real change made)
(1 real change made)
(1 real change made)
(1 real change made)
(1 real change made)
(1 real change made)
(1 real change made)
(1 real change made)
(1 real change made)
(1 real change made)
(1 real change made)
(1 real change made)
(1 real change made)
(1 real change made)
(1 real change made)
(1 real change made)
(1 real change made)
(1 real change made)
(1 real change made)
(1 real change made)
(1 real change made)
(1 real change made)
(1 real change made)
(1 real change made)
(1 real change made)
(1 real change made)
(1 real change made)
(1 real change made)
(1 real change made)
(16 missing values generated)
(16 missing values generated)
(1 real change made)
(1 real change made)
(1 real change made)
(1 real change made)
(1 real change made)
(1 real change made)
(1 real change made)
(1 real change made)
(1 real change made)
(1 real change made)
(1 real change made)
(1 real change made)
(1 real change made)
(1 real change made)
(1 real change made)
(1 real change made)
(1 real change made)
(1 real change made)
(1 real change made)
(1 real change made)
(1 real change made)
(1 real change made)
(1 real change made)
(1 real change made)
(1 real change made)
(1 real change made)
(1 real change made)
(1 real change made)
(1 real change made)
(1 real change made)
(1 real change made)
(1 real change made)
(16 missing values generated)
(16 missing values generated)
(1 real change made)
(1 real change made)
(1 real change made)
(1 real change made)
(1 real change made)
(1 real change made)
(1 real change made)
(1 real change made)
(1 real change made)
(1 real change made)
(1 real change made)
(1 real change made)
(1 real change made)
(1 real change made)
(1 real change made)
(1 real change made)
(1 real change made)
(1 real change made)
(1 real change made)
(1 real change made)
(1 real change made)
(1 real change made)
(1 real change made)
(1 real change made)
(1 real change made)
(1 real change made)
(1 real change made)
(1 real change made)
(1 real change made)
(1 real change made)
(1 real change made)
(1 real change made)
(16 missing values generated)
(16 missing values generated)
(1 real change made)
(1 real change made)
(1 real change made)
(1 real change made)
(1 real change made)
(1 real change made)
(1 real change made)
(1 real change made)
(1 real change made)
(1 real change made)
(1 real change made)
(1 real change made)
(1 real change made)
(1 real change made)
(1 real change made)
(1 real change made)
(1 real change made)
(1 real change made)
(1 real change made)
(1 real change made)
(1 real change made)
(1 real change made)
(1 real change made)
(1 real change made)
(1 real change made)
(1 real change made)
(1 real change made)
(1 real change made)
(1 real change made)
(1 real change made)
(1 real change made)
(1 real change made)
file
    C:\Users\rob98/Dropbox/Corrupcion/protest_repo/paper/figures/did_modern_s
    > tk_es_mm_nonviolent_na_w120.pdf saved as PDF format
did_modern_stk_main_na.tex written

. 
. display in green "a_did_modern_stacked_pa_vs_na.do finished OK"
a_did_modern_stacked_pa_vs_na.do finished OK

. 
. capture log close _all

. 
end of do-file

. 
end of do-file
